悪意,,,1,名詞,固有名詞,一般,*,*,*,悪意,*,*
悪意の遺棄,,,1,名詞,固有名詞,一般,*,*,*,悪意の遺棄,*,*
アポイントメントセールス,,,1,名詞,固有名詞,一般,*,*,*,アポイントメントセールス,*,*
アンケート商法,,,1,名詞,固有名詞,一般,*,*,*,アンケート商法,*,*
安全配慮義務,,,1,名詞,固有名詞,一般,*,*,*,安全配慮義務,*,*
育児休業,,,1,名詞,固有名詞,一般,*,*,*,育児休業,*,*
育児休業給付,,,1,名詞,固有名詞,一般,*,*,*,育児休業給付,*,*
育児休業給付金,,,1,名詞,固有名詞,一般,*,*,*,育児休業給付金,*,*
遺言,,,1,名詞,固有名詞,一般,*,*,*,遺言,*,*
遺言執行者,,,1,名詞,固有名詞,一般,*,*,*,遺言執行者,*,*
遺言信託,,,1,名詞,固有名詞,一般,*,*,*,遺言信託,*,*
遺産分割協議,,,1,名詞,固有名詞,一般,*,*,*,遺産分割協議,*,*
遺産分割協議書,,,1,名詞,固有名詞,一般,*,*,*,遺産分割協議書,*,*
意思能力,,,1,名詞,固有名詞,一般,*,*,*,意思能力,*,*
意思表示,,,1,名詞,固有名詞,一般,*,*,*,意思表示,*,*
慰謝料,,,1,名詞,固有名詞,一般,*,*,*,慰謝料,*,*
遺贈,,,1,名詞,固有名詞,一般,*,*,*,遺贈,*,*
遺族年金,,,1,名詞,固有名詞,一般,*,*,*,遺族年金,*,*
遺族補償一時金,,,1,名詞,固有名詞,一般,*,*,*,遺族補償一時金,*,*
遺族補償年金,,,1,名詞,固有名詞,一般,*,*,*,遺族補償年金,*,*
委託契約,,,1,名詞,固有名詞,一般,*,*,*,委託契約,*,*
位置指定道路,,,1,名詞,固有名詞,一般,*,*,*,位置指定道路,*,*
一時保護施設,,,1,名詞,固有名詞,一般,*,*,*,一時保護施設,*,*
一部保証,,,1,名詞,固有名詞,一般,*,*,*,一部保証,*,*
逸失利益,,,1,名詞,固有名詞,一般,*,*,*,逸失利益,*,*
一般求職者給付,,,1,名詞,固有名詞,一般,*,*,*,一般求職者給付,*,*
一般労働者派遣事業,,,1,名詞,固有名詞,一般,*,*,*,一般労働者派遣事業,*,*
移転費,,,1,名詞,固有名詞,一般,*,*,*,移転費,*,*
委任,,,1,名詞,固有名詞,一般,*,*,*,委任,*,*
威迫,,,1,名詞,固有名詞,一般,*,*,*,威迫,*,*
違約金,,,1,名詞,固有名詞,一般,*,*,*,違約金,*,*
違約罰としての手付,,,1,名詞,固有名詞,一般,*,*,*,違約罰としての手付,*,*
医薬品副作用被害救済制度,,,1,名詞,固有名詞,一般,*,*,*,医薬品副作用被害救済制度,*,*
遺留分,,,1,名詞,固有名詞,一般,*,*,*,遺留分,*,*
遺留分減殺請求,,,1,名詞,固有名詞,一般,*,*,*,遺留分減殺請求,*,*
医療過誤,,,1,名詞,固有名詞,一般,*,*,*,医療過誤,*,*
医療事故,,,1,名詞,固有名詞,一般,*,*,*,医療事故,*,*
印鑑証明書,,,1,名詞,固有名詞,一般,*,*,*,印鑑証明書,*,*
インサイダー取引,,,1,名詞,固有名詞,一般,*,*,*,インサイダー取引,*,*
姻族関係終了届,,,1,名詞,固有名詞,一般,*,*,*,姻族関係終了届,*,*
院内感染,,,1,名詞,固有名詞,一般,*,*,*,院内感染,*,*
インフォームド・コンセント,,,1,名詞,固有名詞,一般,*,*,*,インフォームド・コンセント,*,*
請負,,,1,名詞,固有名詞,一般,*,*,*,請負,*,*
請負契約,,,1,名詞,固有名詞,一般,*,*,*,請負契約,*,*
受取代理制度,,,1,名詞,固有名詞,一般,*,*,*,受取代理制度,*,*
氏の変更,,,1,名詞,固有名詞,一般,*,*,*,氏の変更,*,*
運行共用者,,,1,名詞,固有名詞,一般,*,*,*,運行共用者,*,*
永住者,,,1,名詞,固有名詞,一般,*,*,*,永住者,*,*
ＳＦ商法,,,1,名詞,固有名詞,一般,*,*,*,ＳＦ商法,*,*
ＮＧＯ,,,1,名詞,固有名詞,一般,*,*,*,ＮＧＯ,*,*
エヌジーオー,,,1,名詞,固有名詞,一般,*,*,*,エヌジーオー,*,*
ＮＰＯ,,,1,名詞,固有名詞,一般,*,*,*,ＮＰＯ,*,*
エヌピーオー,,,1,名詞,固有名詞,一般,*,*,*,エヌピーオー,*,*
ＭＬＭ,,,1,名詞,固有名詞,一般,*,*,*,ＭＬＭ,*,*
親子関係不存在の訴え,,,1,名詞,固有名詞,一般,*,*,*,親子関係不存在の訴え,*,*
オンブズマン制度,,,1,名詞,固有名詞,一般,*,*,*,オンブズマン制度,*,*
オークション,,,1,名詞,固有名詞,一般,*,*,*,オークション,*,*
開運商法,,,1,名詞,固有名詞,一般,*,*,*,開運商法,*,*
解雇,,,1,名詞,固有名詞,一般,*,*,*,解雇,*,*
解雇権濫用法理,,,1,名詞,固有名詞,一般,*,*,*,解雇権濫用法理,*,*
介護休業,,,1,名詞,固有名詞,一般,*,*,*,介護休業,*,*
介護休業給付,,,1,名詞,固有名詞,一般,*,*,*,介護休業給付,*,*
介護報酬,,,1,名詞,固有名詞,一般,*,*,*,介護報酬,*,*
介護保険制度,,,1,名詞,固有名詞,一般,*,*,*,介護保険制度,*,*
開示請求,,,1,名詞,固有名詞,一般,*,*,*,開示請求,*,*
買戻し特約,,,1,名詞,固有名詞,一般,*,*,*,買戻し特約,*,*
解約手付,,,1,名詞,固有名詞,一般,*,*,*,解約手付,*,*
解約返戻金,,,1,名詞,固有名詞,一般,*,*,*,解約返戻金,*,*
架空請求詐欺,,,1,名詞,固有名詞,一般,*,*,*,架空請求詐欺,*,*
確定給付企業年金,,,1,名詞,固有名詞,一般,*,*,*,確定給付企業年金,*,*
確定拠出型年金,,,1,名詞,固有名詞,一般,*,*,*,確定拠出型年金,*,*
確定日付,,,1,名詞,固有名詞,一般,*,*,*,確定日付,*,*
隠れたる瑕疵,,,1,名詞,固有名詞,一般,*,*,*,隠れたる瑕疵,*,*
瑕疵,,,1,名詞,固有名詞,一般,*,*,*,瑕疵,*,*
貸金業法,,,1,名詞,固有名詞,一般,*,*,*,貸金業法,*,*
瑕疵担保責任,,,1,名詞,固有名詞,一般,*,*,*,瑕疵担保責任,*,*
過失責任,,,1,名詞,固有名詞,一般,*,*,*,過失責任,*,*
過失相殺,,,1,名詞,固有名詞,一般,*,*,*,過失相殺,*,*
家事審判,,,1,名詞,固有名詞,一般,*,*,*,家事審判,*,*
家事事件,,,1,名詞,固有名詞,一般,*,*,*,家事事件,*,*
割賦販売,,,1,名詞,固有名詞,一般,*,*,*,割賦販売,*,*
家庭裁判所,,,1,名詞,固有名詞,一般,*,*,*,家庭裁判所,*,*
家庭裁判所送致,,,1,名詞,固有名詞,一般,*,*,*,家庭裁判所送致,*,*
家庭用品品質表示法,,,1,名詞,固有名詞,一般,*,*,*,家庭用品品質表示法,*,*
過払い金,,,1,名詞,固有名詞,一般,*,*,*,過払い金,*,*
可分債務,,,1,名詞,固有名詞,一般,*,*,*,可分債務,*,*
仮差押え,,,1,名詞,固有名詞,一般,*,*,*,仮差押え,*,*
仮執行宣言,,,1,名詞,固有名詞,一般,*,*,*,仮執行宣言,*,*
仮釈放,,,1,名詞,固有名詞,一般,*,*,*,仮釈放,*,*
仮登記,,,1,名詞,固有名詞,一般,*,*,*,仮登記,*,*
仮登記担保,,,1,名詞,固有名詞,一般,*,*,*,仮登記担保,*,*
過量販売,,,1,名詞,固有名詞,一般,*,*,*,過量販売,*,*
カルテ,,,1,名詞,固有名詞,一般,*,*,*,カルテ,*,*
カルテ開示請求,,,1,名詞,固有名詞,一般,*,*,*,カルテ開示請求,*,*
過労死,,,1,名詞,固有名詞,一般,*,*,*,過労死,*,*
為替手形,,,1,名詞,固有名詞,一般,*,*,*,為替手形,*,*
簡易裁判所,,,1,名詞,固有名詞,一般,*,*,*,簡易裁判所,*,*
看護休暇,,,1,名詞,固有名詞,一般,*,*,*,看護休暇,*,*
監護教育権,,,1,名詞,固有名詞,一般,*,*,*,監護教育権,*,*
観護措置,,,1,名詞,固有名詞,一般,*,*,*,観護措置,*,*
間接強制,,,1,名詞,固有名詞,一般,*,*,*,間接強制,*,*
間接差別,,,1,名詞,固有名詞,一般,*,*,*,間接差別,*,*
間接代理,,,1,名詞,固有名詞,一般,*,*,*,間接代理,*,*
勧誘方針,,,1,名詞,固有名詞,一般,*,*,*,勧誘方針,*,*
管理監督者,,,1,名詞,固有名詞,一般,*,*,*,管理監督者,*,*
既往症,,,1,名詞,固有名詞,一般,*,*,*,既往症,*,*
帰化申請,,,1,名詞,固有名詞,一般,*,*,*,帰化申請,*,*
危急時遺言,,,1,名詞,固有名詞,一般,*,*,*,危急時遺言,*,*
危険運転致死罪,,,1,名詞,固有名詞,一般,*,*,*,危険運転致死罪,*,*
期限の利益,,,1,名詞,固有名詞,一般,*,*,*,期限の利益,*,*
期限の利益喪失約款,,,1,名詞,固有名詞,一般,*,*,*,期限の利益喪失約款,*,*
期日外尋問,,,1,名詞,固有名詞,一般,*,*,*,期日外尋問,*,*
起訴,,,1,名詞,固有名詞,一般,*,*,*,起訴,*,*
基礎年金番号,,,1,名詞,固有名詞,一般,*,*,*,基礎年金番号,*,*
寄託,,,1,名詞,固有名詞,一般,*,*,*,寄託,*,*
キャッチセールス,,,1,名詞,固有名詞,一般,*,*,*,キャッチセールス,*,*
救急指定病院,,,1,名詞,固有名詞,一般,*,*,*,救急指定病院,*,*
休業給付,,,1,名詞,固有名詞,一般,*,*,*,休業給付,*,*
休業特別支給金,,,1,名詞,固有名詞,一般,*,*,*,休業特別支給金,*,*
休業補償給付,,,1,名詞,固有名詞,一般,*,*,*,休業補償給付,*,*
求償権,,,1,名詞,固有名詞,一般,*,*,*,求償権,*,*
求職者給付,,,1,名詞,固有名詞,一般,*,*,*,求職者給付,*,*
休日労働,,,1,名詞,固有名詞,一般,*,*,*,休日労働,*,*
給与所得者再生,,,1,名詞,固有名詞,一般,*,*,*,給与所得者再生,*,*
教育訓練給付,,,1,名詞,固有名詞,一般,*,*,*,教育訓練給付,*,*
境界,,,1,名詞,固有名詞,一般,*,*,*,境界,*,*
境界標,,,1,名詞,固有名詞,一般,*,*,*,境界標,*,*
協議離婚,,,1,名詞,固有名詞,一般,*,*,*,協議離婚,*,*
共済組合,,,1,名詞,固有名詞,一般,*,*,*,共済組合,*,*
強制執行,,,1,名詞,固有名詞,一般,*,*,*,強制執行,*,*
強制退去,,,1,名詞,固有名詞,一般,*,*,*,強制退去,*,*
強制適用事業,,,1,名詞,固有名詞,一般,*,*,*,強制適用事業,*,*
強制保険,,,1,名詞,固有名詞,一般,*,*,*,強制保険,*,*
供託,,,1,名詞,固有名詞,一般,*,*,*,供託,*,*
共同監護,,,1,名詞,固有名詞,一般,*,*,*,共同監護,*,*
共同抵当,,,1,名詞,固有名詞,一般,*,*,*,共同抵当,*,*
強迫,,,1,名詞,固有名詞,一般,*,*,*,強迫,*,*
共用部分,,,1,名詞,固有名詞,一般,*,*,*,共用部分,*,*
居所指定権,,,1,名詞,固有名詞,一般,*,*,*,居所指定権,*,*
寄与分,,,1,名詞,固有名詞,一般,*,*,*,寄与分,*,*
金銭貸借,,,1,名詞,固有名詞,一般,*,*,*,金銭貸借,*,*
金融商品取引法,,,1,名詞,固有名詞,一般,*,*,*,金融商品取引法,*,*
金融商品販売法,,,1,名詞,固有名詞,一般,*,*,*,金融商品販売法,*,*
区分所有者,,,1,名詞,固有名詞,一般,*,*,*,区分所有者,*,*
区分所有法,,,1,名詞,固有名詞,一般,*,*,*,区分所有法,*,*
組合健康保険,,,1,名詞,固有名詞,一般,*,*,*,組合健康保険,*,*
繰上げ請求,,,1,名詞,固有名詞,一般,*,*,*,繰上げ請求,*,*
クリーニング事故賠償基準,,,1,名詞,固有名詞,一般,*,*,*,クリーニング事故賠償基準,*,*
クレジット契約,,,1,名詞,固有名詞,一般,*,*,*,クレジット契約,*,*
クーリング･オフ,,,1,名詞,固有名詞,一般,*,*,*,クーリング･オフ,*,*
ケアマネージャー,,,1,名詞,固有名詞,一般,*,*,*,ケアマネージャー,*,*
刑事事件,,,1,名詞,固有名詞,一般,*,*,*,刑事事件,*,*
刑事和解制度,,,1,名詞,固有名詞,一般,*,*,*,刑事和解制度,*,*
継続雇用制度,,,1,名詞,固有名詞,一般,*,*,*,継続雇用制度,*,*
経年変化,,,1,名詞,固有名詞,一般,*,*,*,経年変化,*,*
競売,,,1,名詞,固有名詞,一般,*,*,*,競売,*,*
景品表示法,,,1,名詞,固有名詞,一般,*,*,*,景品表示法,*,*
契約,,,1,名詞,固有名詞,一般,*,*,*,契約,*,*
契約者の告知義務,,,1,名詞,固有名詞,一般,*,*,*,契約者の告知義務,*,*
契約自由の原則,,,1,名詞,固有名詞,一般,*,*,*,契約自由の原則,*,*
契約の取消,,,1,名詞,固有名詞,一般,*,*,*,契約の取消,*,*
契約の無効,,,1,名詞,固有名詞,一般,*,*,*,契約の無効,*,*
血統主義,,,1,名詞,固有名詞,一般,*,*,*,血統主義,*,*
健康保険,,,1,名詞,固有名詞,一般,*,*,*,健康保険,*,*
検索の抗弁権,,,1,名詞,固有名詞,一般,*,*,*,検索の抗弁権,*,*
検察官送致,,,1,名詞,固有名詞,一般,*,*,*,検察官送致,*,*
検察審査会,,,1,名詞,固有名詞,一般,*,*,*,検察審査会,*,*
検視調書,,,1,名詞,固有名詞,一般,*,*,*,検視調書,*,*
建築請負契約,,,1,名詞,固有名詞,一般,*,*,*,建築請負契約,*,*
検認,,,1,名詞,固有名詞,一般,*,*,*,検認,*,*
建ぺい率,,,1,名詞,固有名詞,一般,*,*,*,建ぺい率,*,*
権利外観法理,,,1,名詞,固有名詞,一般,*,*,*,権利外観法理,*,*
権利金,,,1,名詞,固有名詞,一般,*,*,*,権利金,*,*
権利証,,,1,名詞,固有名詞,一般,*,*,*,権利証,*,*
権利の濫用,,,1,名詞,固有名詞,一般,*,*,*,権利の濫用,*,*
広域休職活動費,,,1,名詞,固有名詞,一般,*,*,*,広域休職活動費,*,*
後遺障害,,,1,名詞,固有名詞,一般,*,*,*,後遺障害,*,*
公益通報者保護制度,,,1,名詞,固有名詞,一般,*,*,*,公益通報者保護制度,*,*
高額療養費制度,,,1,名詞,固有名詞,一般,*,*,*,高額療養費制度,*,*
後期高齢者医療制度,,,1,名詞,固有名詞,一般,*,*,*,後期高齢者医療制度,*,*
後期高齢者医療制度の保険証,,,1,名詞,固有名詞,一般,*,*,*,後期高齢者医療制度の保険証,*,*
公共職業安定所,,,1,名詞,固有名詞,一般,*,*,*,公共職業安定所,*,*
後見,,,1,名詞,固有名詞,一般,*,*,*,後見,*,*
後見監督人,,,1,名詞,固有名詞,一般,*,*,*,後見監督人,*,*
後見人,,,1,名詞,固有名詞,一般,*,*,*,後見人,*,*
公証役場,,,1,名詞,固有名詞,一般,*,*,*,公証役場,*,*
更新料,,,1,名詞,固有名詞,一般,*,*,*,更新料,*,*
公示送達,,,1,名詞,固有名詞,一般,*,*,*,公示送達,*,*
公序良俗,,,1,名詞,固有名詞,一般,*,*,*,公序良俗,*,*
公正証書,,,1,名詞,固有名詞,一般,*,*,*,公正証書,*,*
公正証書遺言,,,1,名詞,固有名詞,一般,*,*,*,公正証書遺言,*,*
厚生年金,,,1,名詞,固有名詞,一般,*,*,*,厚生年金,*,*
厚生年金基金,,,1,名詞,固有名詞,一般,*,*,*,厚生年金基金,*,*
更生保護,,,1,名詞,固有名詞,一般,*,*,*,更生保護,*,*
控訴,,,1,名詞,固有名詞,一般,*,*,*,控訴,*,*
公訴時効,,,1,名詞,固有名詞,一般,*,*,*,公訴時効,*,*
交通事件即決裁判手続,,,1,名詞,固有名詞,一般,*,*,*,交通事件即決裁判手続,*,*
高等裁判所,,,1,名詞,固有名詞,一般,*,*,*,高等裁判所,*,*
公判請求,,,1,名詞,固有名詞,一般,*,*,*,公判請求,*,*
公売,,,1,名詞,固有名詞,一般,*,*,*,公売,*,*
抗弁,,,1,名詞,固有名詞,一般,*,*,*,抗弁,*,*
勾留,,,1,名詞,固有名詞,一般,*,*,*,勾留,*,*
高齢者求職者給付,,,1,名詞,固有名詞,一般,*,*,*,高齢者求職者給付,*,*
高齢者虐待防止法,,,1,名詞,固有名詞,一般,*,*,*,高齢者虐待防止法,*,*
高齢者雇用継続給付,,,1,名詞,固有名詞,一般,*,*,*,高齢者雇用継続給付,*,*
高齢受給者証,,,1,名詞,固有名詞,一般,*,*,*,高齢受給者証,*,*
顧客に対する誠実義務,,,1,名詞,固有名詞,一般,*,*,*,顧客に対する誠実義務,*,*
小切手,,,1,名詞,固有名詞,一般,*,*,*,小切手,*,*
国籍,,,1,名詞,固有名詞,一般,*,*,*,国籍,*,*
国籍留保届,,,1,名詞,固有名詞,一般,*,*,*,国籍留保届,*,*
国選弁護,,,1,名詞,固有名詞,一般,*,*,*,国選弁護,*,*
告訴,,,1,名詞,固有名詞,一般,*,*,*,告訴,*,*
告訴権者,,,1,名詞,固有名詞,一般,*,*,*,告訴権者,*,*
告発,,,1,名詞,固有名詞,一般,*,*,*,告発,*,*
国民健康保険,,,1,名詞,固有名詞,一般,*,*,*,国民健康保険,*,*
国民年金,,,1,名詞,固有名詞,一般,*,*,*,国民年金,*,*
国民年金基金,,,1,名詞,固有名詞,一般,*,*,*,国民年金基金,*,*
国民年金保険,,,1,名詞,固有名詞,一般,*,*,*,国民年金保険,*,*
個人再生手続,,,1,名詞,固有名詞,一般,*,*,*,個人再生手続,*,*
戸籍の全部事項証明書,,,1,名詞,固有名詞,一般,*,*,*,戸籍の全部事項証明書,*,*
国家賠償法,,,1,名詞,固有名詞,一般,*,*,*,国家賠償法,*,*
雇用継続給付,,,1,名詞,固有名詞,一般,*,*,*,雇用継続給付,*,*
雇用保険,,,1,名詞,固有名詞,一般,*,*,*,雇用保険,*,*
雇用保険2事業,,,1,名詞,固有名詞,一般,*,*,*,雇用保険2事業,*,*
婚姻,,,1,名詞,固有名詞,一般,*,*,*,婚姻,*,*
債権,,,1,名詞,固有名詞,一般,*,*,*,債権,*,*
債権譲渡,,,1,名詞,固有名詞,一般,*,*,*,債権譲渡,*,*
債権放棄,,,1,名詞,固有名詞,一般,*,*,*,債権放棄,*,*
最高裁判所,,,1,名詞,固有名詞,一般,*,*,*,最高裁判所,*,*
催告,,,1,名詞,固有名詞,一般,*,*,*,催告,*,*
催告の抗弁権,,,1,名詞,固有名詞,一般,*,*,*,催告の抗弁権,*,*
再就職手当,,,1,名詞,固有名詞,一般,*,*,*,再就職手当,*,*
再審請求,,,1,名詞,固有名詞,一般,*,*,*,再審請求,*,*
再生計画,,,1,名詞,固有名詞,一般,*,*,*,再生計画,*,*
裁定請求,,,1,名詞,固有名詞,一般,*,*,*,裁定請求,*,*
最低賃金,,,1,名詞,固有名詞,一般,*,*,*,最低賃金,*,*
再売買の予約,,,1,名詞,固有名詞,一般,*,*,*,再売買の予約,*,*
裁判員,,,1,名詞,固有名詞,一般,*,*,*,裁判員,*,*
裁判員候補者名簿,,,1,名詞,固有名詞,一般,*,*,*,裁判員候補者名簿,*,*
裁判員制度,,,1,名詞,固有名詞,一般,*,*,*,裁判員制度,*,*
裁判員選任手続,,,1,名詞,固有名詞,一般,*,*,*,裁判員選任手続,*,*
裁判外紛争解決手続,,,1,名詞,固有名詞,一般,*,*,*,裁判外紛争解決手続,*,*
裁判離婚,,,1,名詞,固有名詞,一般,*,*,*,裁判離婚,*,*
債務,,,1,名詞,固有名詞,一般,*,*,*,債務,*,*
債務整理,,,1,名詞,固有名詞,一般,*,*,*,債務整理,*,*
債務名義,,,1,名詞,固有名詞,一般,*,*,*,債務名義,*,*
裁量労働制,,,1,名詞,固有名詞,一般,*,*,*,裁量労働制,*,*
詐害行為の受益者,,,1,名詞,固有名詞,一般,*,*,*,詐害行為の受益者,*,*
先取特権,,,1,名詞,固有名詞,一般,*,*,*,先取特権,*,*
詐欺,,,1,名詞,固有名詞,一般,*,*,*,詐欺,*,*
錯誤,,,1,名詞,固有名詞,一般,*,*,*,錯誤,*,*
差押え,,,1,名詞,固有名詞,一般,*,*,*,差押え,*,*
差止請求,,,1,名詞,固有名詞,一般,*,*,*,差止請求,*,*
里親委託,,,1,名詞,固有名詞,一般,*,*,*,里親委託,*,*
３６協定,,,1,名詞,固有名詞,一般,*,*,*,３６協定,*,*
産業別最低賃金,,,1,名詞,固有名詞,一般,*,*,*,産業別最低賃金,*,*
３号分割,,,1,名詞,固有名詞,一般,*,*,*,３号分割,*,*
三審制,,,1,名詞,固有名詞,一般,*,*,*,三審制,*,*
参審制度,,,1,名詞,固有名詞,一般,*,*,*,参審制度,*,*
死因贈与,,,1,名詞,固有名詞,一般,*,*,*,死因贈与,*,*
シェルター,,,1,名詞,固有名詞,一般,*,*,*,シェルター,*,*
資格商法,,,1,名詞,固有名詞,一般,*,*,*,資格商法,*,*
市街化区域,,,1,名詞,固有名詞,一般,*,*,*,市街化区域,*,*
市街化調整区域,,,1,名詞,固有名詞,一般,*,*,*,市街化調整区域,*,*
敷金,,,1,名詞,固有名詞,一般,*,*,*,敷金,*,*
敷引き,,,1,名詞,固有名詞,一般,*,*,*,敷引き,*,*
私権,,,1,名詞,固有名詞,一般,*,*,*,私権,*,*
死後離縁,,,1,名詞,固有名詞,一般,*,*,*,死後離縁,*,*
施設サービス,,,1,名詞,固有名詞,一般,*,*,*,施設サービス,*,*
私選弁護,,,1,名詞,固有名詞,一般,*,*,*,私選弁護,*,*
自然人,,,1,名詞,固有名詞,一般,*,*,*,自然人,*,*
質権,,,1,名詞,固有名詞,一般,*,*,*,質権,*,*
執行証書,,,1,名詞,固有名詞,一般,*,*,*,執行証書,*,*
失踪宣告,,,1,名詞,固有名詞,一般,*,*,*,失踪宣告,*,*
失業手当に関する審査請求,,,1,名詞,固有名詞,一般,*,*,*,失業手当に関する審査請求,*,*
失業等給付,,,1,名詞,固有名詞,一般,*,*,*,失業等給付,*,*
失業保険,,,1,名詞,固有名詞,一般,*,*,*,失業保険,*,*
質問票,,,1,名詞,固有名詞,一般,*,*,*,質問票,*,*
指定介護老人福祉施設,,,1,名詞,固有名詞,一般,*,*,*,指定介護老人福祉施設,*,*
指定被害者支援要員制度,,,1,名詞,固有名詞,一般,*,*,*,指定被害者支援要員制度,*,*
支払督促,,,1,名詞,固有名詞,一般,*,*,*,支払督促,*,*
私文書認証,,,1,名詞,固有名詞,一般,*,*,*,私文書認証,*,*
死亡診断書,,,1,名詞,固有名詞,一般,*,*,*,死亡診断書,*,*
死亡届,,,1,名詞,固有名詞,一般,*,*,*,死亡届,*,*
社会福祉協議会,,,1,名詞,固有名詞,一般,*,*,*,社会福祉協議会,*,*
社会保険労務士,,,1,名詞,固有名詞,一般,*,*,*,社会保険労務士,*,*
社会保障,,,1,名詞,固有名詞,一般,*,*,*,社会保障,*,*
借地借家法,,,1,名詞,固有名詞,一般,*,*,*,借地借家法,*,*
借家権,,,1,名詞,固有名詞,一般,*,*,*,借家権,*,*
車検,,,1,名詞,固有名詞,一般,*,*,*,車検,*,*
遮へい措置,,,1,名詞,固有名詞,一般,*,*,*,遮へい措置,*,*
就業規則,,,1,名詞,固有名詞,一般,*,*,*,就業規則,*,*
就業促進手当,,,1,名詞,固有名詞,一般,*,*,*,就業促進手当,*,*
就業手当,,,1,名詞,固有名詞,一般,*,*,*,就業手当,*,*
就職促進給付,,,1,名詞,固有名詞,一般,*,*,*,就職促進給付,*,*
終身保険,,,1,名詞,固有名詞,一般,*,*,*,終身保険,*,*
主張責任,,,1,名詞,固有名詞,一般,*,*,*,主張責任,*,*
出産育児一時金,,,1,名詞,固有名詞,一般,*,*,*,出産育児一時金,*,*
出産手当金,,,1,名詞,固有名詞,一般,*,*,*,出産手当金,*,*
出産費貸付制度,,,1,名詞,固有名詞,一般,*,*,*,出産費貸付制度,*,*
出資法,,,1,名詞,固有名詞,一般,*,*,*,出資法,*,*
出生届,,,1,名詞,固有名詞,一般,*,*,*,出生届,*,*
取得時効,,,1,名詞,固有名詞,一般,*,*,*,取得時効,*,*
守秘義務,,,1,名詞,固有名詞,一般,*,*,*,守秘義務,*,*
紹介予定派遣,,,1,名詞,固有名詞,一般,*,*,*,紹介予定派遣,*,*
障害基礎年金,,,1,名詞,固有名詞,一般,*,*,*,障害基礎年金,*,*
障害認定日,,,1,名詞,固有名詞,一般,*,*,*,障害認定日,*,*
障害年金,,,1,名詞,固有名詞,一般,*,*,*,障害年金,*,*
推定相続人,,,1,名詞,固有名詞,一般,*,*,*,推定相続人,*,*
捨印,,,1,名詞,固有名詞,一般,*,*,*,捨印,*,*
ストーカー行為,,,1,名詞,固有名詞,一般,*,*,*,ストーカー行為,*,*
スワップ取引,,,1,名詞,固有名詞,一般,*,*,*,スワップ取引,*,*
生活保護基準,,,1,名詞,固有名詞,一般,*,*,*,生活保護基準,*,*
生活保護制度,,,1,名詞,固有名詞,一般,*,*,*,生活保護制度,*,*
請願,,,1,名詞,固有名詞,一般,*,*,*,請願,*,*
清算型遺贈,,,1,名詞,固有名詞,一般,*,*,*,清算型遺贈,*,*
成年後見制度,,,1,名詞,固有名詞,一般,*,*,*,成年後見制度,*,*
政府管掌健康保険,,,1,名詞,固有名詞,一般,*,*,*,政府管掌健康保険,*,*
政府保障事業,,,1,名詞,固有名詞,一般,*,*,*,政府保障事業,*,*
整理解雇,,,1,名詞,固有名詞,一般,*,*,*,整理解雇,*,*
セカンドオピニオン,,,1,名詞,固有名詞,一般,*,*,*,セカンドオピニオン,*,*
責任能力,,,1,名詞,固有名詞,一般,*,*,*,責任能力,*,*
セクシャル･ハラスメント,,,1,名詞,固有名詞,一般,*,*,*,セクシャル･ハラスメント,*,*
接近禁止命令,,,1,名詞,固有名詞,一般,*,*,*,接近禁止命令,*,*
接見交通権,,,1,名詞,固有名詞,一般,*,*,*,接見交通権,*,*
セットバック,,,1,名詞,固有名詞,一般,*,*,*,セットバック,*,*
船員保険,,,1,名詞,固有名詞,一般,*,*,*,船員保険,*,*
宣誓認証,,,1,名詞,固有名詞,一般,*,*,*,宣誓認証,*,*
選任予定裁判員,,,1,名詞,固有名詞,一般,*,*,*,選任予定裁判員,*,*
占有権,,,1,名詞,固有名詞,一般,*,*,*,占有権,*,*
専有部分,,,1,名詞,固有名詞,一般,*,*,*,専有部分,*,*
争議行為,,,1,名詞,固有名詞,一般,*,*,*,争議行為,*,*
送検,,,1,名詞,固有名詞,一般,*,*,*,送検,*,*
相殺,,,1,名詞,固有名詞,一般,*,*,*,相殺,*,*
葬祭給付,,,1,名詞,固有名詞,一般,*,*,*,葬祭給付,*,*
葬祭料,,,1,名詞,固有名詞,一般,*,*,*,葬祭料,*,*
相続,,,1,名詞,固有名詞,一般,*,*,*,相続,*,*
相続回復請求権,,,1,名詞,固有名詞,一般,*,*,*,相続回復請求権,*,*
相続財産,,,1,名詞,固有名詞,一般,*,*,*,相続財産,*,*
相続時精算課税,,,1,名詞,固有名詞,一般,*,*,*,相続時精算課税,*,*
相続税,,,1,名詞,固有名詞,一般,*,*,*,相続税,*,*
相続登記,,,1,名詞,固有名詞,一般,*,*,*,相続登記,*,*
相続人の廃除,,,1,名詞,固有名詞,一般,*,*,*,相続人の廃除,*,*
相続の開始,,,1,名詞,固有名詞,一般,*,*,*,相続の開始,*,*
相続分の取戻権,,,1,名詞,固有名詞,一般,*,*,*,相続分の取戻権,*,*
相続放棄,,,1,名詞,固有名詞,一般,*,*,*,相続放棄,*,*
訴額,,,1,名詞,固有名詞,一般,*,*,*,訴額,*,*
訴訟物の価格,,,1,名詞,固有名詞,一般,*,*,*,訴訟物の価格,*,*
即決裁判手続,,,1,名詞,固有名詞,一般,*,*,*,即決裁判手続,*,*
即決和解,,,1,名詞,固有名詞,一般,*,*,*,即決和解,*,*
損害賠償,,,1,名詞,固有名詞,一般,*,*,*,損害賠償,*,*
損害賠償の予定としての手付,,,1,名詞,固有名詞,一般,*,*,*,損害賠償の予定としての手付,*,*
損害賠償命令制度,,,1,名詞,固有名詞,一般,*,*,*,損害賠償命令制度,*,*
損失補てん,,,1,名詞,固有名詞,一般,*,*,*,損失補てん,*,*
退去命令,,,1,名詞,固有名詞,一般,*,*,*,退去命令,*,*
待婚期間,,,1,名詞,固有名詞,一般,*,*,*,待婚期間,*,*
退職勧奨,,,1,名詞,固有名詞,一般,*,*,*,退職勧奨,*,*
退職者医療制度,,,1,名詞,固有名詞,一般,*,*,*,退職者医療制度,*,*
宅地建物取引業法,,,1,名詞,固有名詞,一般,*,*,*,宅地建物取引業法,*,*
宅地建物取引主任者,,,1,名詞,固有名詞,一般,*,*,*,宅地建物取引主任者,*,*
多重債務,,,1,名詞,固有名詞,一般,*,*,*,多重債務,*,*
立退き料,,,1,名詞,固有名詞,一般,*,*,*,立退き料,*,*
建物買取請求権,,,1,名詞,固有名詞,一般,*,*,*,建物買取請求権,*,*
短期雇用特例求職者給付,,,1,名詞,固有名詞,一般,*,*,*,短期雇用特例求職者給付,*,*
単純相続,,,1,名詞,固有名詞,一般,*,*,*,単純相続,*,*
担保,,,1,名詞,固有名詞,一般,*,*,*,担保,*,*
地域別最低賃金,,,1,名詞,固有名詞,一般,*,*,*,地域別最低賃金,*,*
地域包括支援センター,,,1,名詞,固有名詞,一般,*,*,*,地域包括支援センター,*,*
地位保全の仮処分,,,1,名詞,固有名詞,一般,*,*,*,地位保全の仮処分,*,*
遅延損害金,,,1,名詞,固有名詞,一般,*,*,*,遅延損害金,*,*
地上権,,,1,名詞,固有名詞,一般,*,*,*,地上権,*,*
地方更正保護委員会,,,1,名詞,固有名詞,一般,*,*,*,地方更正保護委員会,*,*
地方裁判所,,,1,名詞,固有名詞,一般,*,*,*,地方裁判所,*,*
嫡出,,,1,名詞,固有名詞,一般,*,*,*,嫡出,*,*
嫡出推定,,,1,名詞,固有名詞,一般,*,*,*,嫡出推定,*,*
嫡出否認の訴え,,,1,名詞,固有名詞,一般,*,*,*,嫡出否認の訴え,*,*
仲介,,,1,名詞,固有名詞,一般,*,*,*,仲介,*,*
中高齢寡婦加算,,,1,名詞,固有名詞,一般,*,*,*,中高齢寡婦加算,*,*
仲裁,,,1,名詞,固有名詞,一般,*,*,*,仲裁,*,*
中途解約,,,1,名詞,固有名詞,一般,*,*,*,中途解約,*,*
懲戒解雇,,,1,名詞,固有名詞,一般,*,*,*,懲戒解雇,*,*
懲戒権,,,1,名詞,固有名詞,一般,*,*,*,懲戒権,*,*
懲戒処分,,,1,名詞,固有名詞,一般,*,*,*,懲戒処分,*,*
調査票,,,1,名詞,固有名詞,一般,*,*,*,調査票,*,*
長寿医療制度,,,1,名詞,固有名詞,一般,*,*,*,長寿医療制度,*,*
調停,,,1,名詞,固有名詞,一般,*,*,*,調停,*,*
調停前置主義,,,1,名詞,固有名詞,一般,*,*,*,調停前置主義,*,*
調停離婚,,,1,名詞,固有名詞,一般,*,*,*,調停離婚,*,*
直接払いの原則,,,1,名詞,固有名詞,一般,*,*,*,直接払いの原則,*,*
直系血族,,,1,名詞,固有名詞,一般,*,*,*,直系血族,*,*
直系尊属,,,1,名詞,固有名詞,一般,*,*,*,直系尊属,*,*
直系卑属,,,1,名詞,固有名詞,一般,*,*,*,直系卑属,*,*
陳情,,,1,名詞,固有名詞,一般,*,*,*,陳情,*,*
賃貸借契約,,,1,名詞,固有名詞,一般,*,*,*,賃貸借契約,*,*
追認権,,,1,名詞,固有名詞,一般,*,*,*,追認権,*,*
追納,,,1,名詞,固有名詞,一般,*,*,*,追納,*,*
通貨払いの原則,,,1,名詞,固有名詞,一般,*,*,*,通貨払いの原則,*,*
通勤災害,,,1,名詞,固有名詞,一般,*,*,*,通勤災害,*,*
通信販売,,,1,名詞,固有名詞,一般,*,*,*,通信販売,*,*
次々販売,,,1,名詞,固有名詞,一般,*,*,*,次々販売,*,*
ツークリック詐欺,,,1,名詞,固有名詞,一般,*,*,*,ツークリック詐欺,*,*
定款,,,1,名詞,固有名詞,一般,*,*,*,定款,*,*
定款認証,,,1,名詞,固有名詞,一般,*,*,*,定款認証,*,*
定期借地権,,,1,名詞,固有名詞,一般,*,*,*,定期借地権,*,*
定期保険,,,1,名詞,固有名詞,一般,*,*,*,定期保険,*,*
抵当権,,,1,名詞,固有名詞,一般,*,*,*,抵当権,*,*
手形訴訟,,,1,名詞,固有名詞,一般,*,*,*,手形訴訟,*,*
適格退職年金,,,1,名詞,固有名詞,一般,*,*,*,適格退職年金,*,*
適合性の原則,,,1,名詞,固有名詞,一般,*,*,*,適合性の原則,*,*
手付,,,1,名詞,固有名詞,一般,*,*,*,手付,*,*
点検商法,,,1,名詞,固有名詞,一般,*,*,*,点検商法,*,*
展示会商法,,,1,名詞,固有名詞,一般,*,*,*,展示会商法,*,*
点数制度,,,1,名詞,固有名詞,一般,*,*,*,点数制度,*,*
転籍届,,,1,名詞,固有名詞,一般,*,*,*,転籍届,*,*
転貸借契約,,,1,名詞,固有名詞,一般,*,*,*,転貸借契約,*,*
登記,,,1,名詞,固有名詞,一般,*,*,*,登記,*,*
登記識別情報,,,1,名詞,固有名詞,一般,*,*,*,登記識別情報,*,*
登記名義,,,1,名詞,固有名詞,一般,*,*,*,登記名義,*,*
投資信託,,,1,名詞,固有名詞,一般,*,*,*,投資信託,*,*
当選商法,,,1,名詞,固有名詞,一般,*,*,*,当選商法,*,*
当番弁護士,,,1,名詞,固有名詞,一般,*,*,*,当番弁護士,*,*
特定遺贈,,,1,名詞,固有名詞,一般,*,*,*,特定遺贈,*,*
特定継続的役務提供,,,1,名詞,固有名詞,一般,*,*,*,特定継続的役務提供,*,*
特定商取引法,,,1,名詞,固有名詞,一般,*,*,*,特定商取引法,*,*
特定調停,,,1,名詞,固有名詞,一般,*,*,*,特定調停,*,*
特定不妊治療,,,1,名詞,固有名詞,一般,*,*,*,特定不妊治療,*,*
特定労働者派遣事業,,,1,名詞,固有名詞,一般,*,*,*,特定労働者派遣事業,*,*
特別縁故者,,,1,名詞,固有名詞,一般,*,*,*,特別縁故者,*,*
特別受益,,,1,名詞,固有名詞,一般,*,*,*,特別受益,*,*
特別送達,,,1,名詞,固有名詞,一般,*,*,*,特別送達,*,*
特別養護老人ホーム,,,1,名詞,固有名詞,一般,*,*,*,特別養護老人ホーム,*,*
特別養子制度,,,1,名詞,固有名詞,一般,*,*,*,特別養子制度,*,*
特約,,,1,名詞,固有名詞,一般,*,*,*,特約,*,*
土地家屋調査士,,,1,名詞,固有名詞,一般,*,*,*,土地家屋調査士,*,*
内縁,,,1,名詞,固有名詞,一般,*,*,*,内縁,*,*
内職商法,,,1,名詞,固有名詞,一般,*,*,*,内職商法,*,*
内容証明郵便,,,1,名詞,固有名詞,一般,*,*,*,内容証明郵便,*,*
難民認定,,,1,名詞,固有名詞,一般,*,*,*,難民認定,*,*
日常の家事,,,1,名詞,固有名詞,一般,*,*,*,日常の家事,*,*
任意継続,,,1,名詞,固有名詞,一般,*,*,*,任意継続,*,*
任意後見監督人,,,1,名詞,固有名詞,一般,*,*,*,任意後見監督人,*,*
任意後見制度,,,1,名詞,固有名詞,一般,*,*,*,任意後見制度,*,*
任意整理,,,1,名詞,固有名詞,一般,*,*,*,任意整理,*,*
任意代理,,,1,名詞,固有名詞,一般,*,*,*,任意代理,*,*
任意保険,,,1,名詞,固有名詞,一般,*,*,*,任意保険,*,*
認知,,,1,名詞,固有名詞,一般,*,*,*,認知,*,*
認知請求権,,,1,名詞,固有名詞,一般,*,*,*,認知請求権,*,*
ネガティブ･オプション,,,1,名詞,固有名詞,一般,*,*,*,ネガティブ･オプション,*,*
根抵当,,,1,名詞,固有名詞,一般,*,*,*,根抵当,*,*
根抵当権,,,1,名詞,固有名詞,一般,*,*,*,根抵当権,*,*
根保証契約,,,1,名詞,固有名詞,一般,*,*,*,根保証契約,*,*
年金手帳,,,1,名詞,固有名詞,一般,*,*,*,年金手帳,*,*
年金分割制度,,,1,名詞,固有名詞,一般,*,*,*,年金分割制度,*,*
年金保険,,,1,名詞,固有名詞,一般,*,*,*,年金保険,*,*
農業者年金,,,1,名詞,固有名詞,一般,*,*,*,農業者年金,*,*
破産管財人,,,1,名詞,固有名詞,一般,*,*,*,破産管財人,*,*
犯罪被害者給付制度,,,1,名詞,固有名詞,一般,*,*,*,犯罪被害者給付制度,*,*
反則金,,,1,名詞,固有名詞,一般,*,*,*,反則金,*,*
日掛金融業者,,,1,名詞,固有名詞,一般,*,*,*,日掛金融業者,*,*
被害回復金給付制度,,,1,名詞,固有名詞,一般,*,*,*,被害回復金給付制度,*,*
被害者参加制度,,,1,名詞,固有名詞,一般,*,*,*,被害者参加制度,*,*
被害者支援員,,,1,名詞,固有名詞,一般,*,*,*,被害者支援員,*,*
被害者等通知制度,,,1,名詞,固有名詞,一般,*,*,*,被害者等通知制度,*,*
被害者等の意見等聴取制度,,,1,名詞,固有名詞,一般,*,*,*,被害者等の意見等聴取制度,*,*
被害者等の心情等伝達制度,,,1,名詞,固有名詞,一般,*,*,*,被害者等の心情等伝達制度,*,*
被害者連絡制度,,,1,名詞,固有名詞,一般,*,*,*,被害者連絡制度,*,*
被害届,,,1,名詞,固有名詞,一般,*,*,*,被害届,*,*
被疑者,,,1,名詞,固有名詞,一般,*,*,*,被疑者,*,*
被疑者国選弁護,,,1,名詞,固有名詞,一般,*,*,*,被疑者国選弁護,*,*
被告人,,,1,名詞,固有名詞,一般,*,*,*,被告人,*,*
筆界,,,1,名詞,固有名詞,一般,*,*,*,筆界,*,*
筆界特定制度,,,1,名詞,固有名詞,一般,*,*,*,筆界特定制度,*,*
日賦貸金業者,,,1,名詞,固有名詞,一般,*,*,*,日賦貸金業者,*,*
被扶養者,,,1,名詞,固有名詞,一般,*,*,*,被扶養者,*,*
秘密証書遺言,,,1,名詞,固有名詞,一般,*,*,*,秘密証書遺言,*,*
日雇労働求職者給付,,,1,名詞,固有名詞,一般,*,*,*,日雇労働求職者給付,*,*
ヒヤリ・ハット,,,1,名詞,固有名詞,一般,*,*,*,ヒヤリ・ハット,*,*
評議,,,1,名詞,固有名詞,一般,*,*,*,評議,*,*
表見代理,,,1,名詞,固有名詞,一般,*,*,*,表見代理,*,*
フィッシング詐欺,,,1,名詞,固有名詞,一般,*,*,*,フィッシング詐欺,*,*
夫婦財産契約登記,,,1,名詞,固有名詞,一般,*,*,*,夫婦財産契約登記,*,*
夫婦別姓,,,1,名詞,固有名詞,一般,*,*,*,夫婦別姓,*,*
不可分債務,,,1,名詞,固有名詞,一般,*,*,*,不可分債務,*,*
付加保険料,,,1,名詞,固有名詞,一般,*,*,*,付加保険料,*,*
不起訴,,,1,名詞,固有名詞,一般,*,*,*,不起訴,*,*
復氏届,,,1,名詞,固有名詞,一般,*,*,*,復氏届,*,*
復代理人,,,1,名詞,固有名詞,一般,*,*,*,復代理人,*,*
服務規程,,,1,名詞,固有名詞,一般,*,*,*,服務規程,*,*
袋地,,,1,名詞,固有名詞,一般,*,*,*,袋地,*,*
不招請勧誘,,,1,名詞,固有名詞,一般,*,*,*,不招請勧誘,*,*
付審判請求,,,1,名詞,固有名詞,一般,*,*,*,付審判請求,*,*
不実告知,,,1,名詞,固有名詞,一般,*,*,*,不実告知,*,*
不正登記防止申出制度,,,1,名詞,固有名詞,一般,*,*,*,不正登記防止申出制度,*,*
不選任請求,,,1,名詞,固有名詞,一般,*,*,*,不選任請求,*,*
負担付遺贈,,,1,名詞,固有名詞,一般,*,*,*,負担付遺贈,*,*
普通解雇,,,1,名詞,固有名詞,一般,*,*,*,普通解雇,*,*
不貞行為,,,1,名詞,固有名詞,一般,*,*,*,不貞行為,*,*
不填補期間,,,1,名詞,固有名詞,一般,*,*,*,不填補期間,*,*
不当利得,,,1,名詞,固有名詞,一般,*,*,*,不当利得,*,*
不当労働行為,,,1,名詞,固有名詞,一般,*,*,*,不当労働行為,*,*
不動産質,,,1,名詞,固有名詞,一般,*,*,*,不動産質,*,*
不動産登記簿,,,1,名詞,固有名詞,一般,*,*,*,不動産登記簿,*,*
不動産特定共同事業,,,1,名詞,固有名詞,一般,*,*,*,不動産特定共同事業,*,*
不動産の表示登記,,,1,名詞,固有名詞,一般,*,*,*,不動産の表示登記,*,*
不動産売買契約書,,,1,名詞,固有名詞,一般,*,*,*,不動産売買契約書,*,*
部分判決制度,,,1,名詞,固有名詞,一般,*,*,*,部分判決制度,*,*
不法原因給付,,,1,名詞,固有名詞,一般,*,*,*,不法原因給付,*,*
不法行為,,,1,名詞,固有名詞,一般,*,*,*,不法行為,*,*
扶養,,,1,名詞,固有名詞,一般,*,*,*,扶養,*,*
扶養義務,,,1,名詞,固有名詞,一般,*,*,*,扶養義務,*,*
扶養親族申告書,,,1,名詞,固有名詞,一般,*,*,*,扶養親族申告書,*,*
振替加算,,,1,名詞,固有名詞,一般,*,*,*,振替加算,*,*
振替休日,,,1,名詞,固有名詞,一般,*,*,*,振替休日,*,*
振り込め詐欺,,,1,名詞,固有名詞,一般,*,*,*,振り込め詐欺,*,*
フレックスタイム制,,,1,名詞,固有名詞,一般,*,*,*,フレックスタイム制,*,*
平均標準報酬額,,,1,名詞,固有名詞,一般,*,*,*,平均標準報酬額,*,*
変額保険,,,1,名詞,固有名詞,一般,*,*,*,変額保険,*,*
包括受遺者,,,1,名詞,固有名詞,一般,*,*,*,包括受遺者,*,*
法人,,,1,名詞,固有名詞,一般,*,*,*,法人,*,*
法定解除,,,1,名詞,固有名詞,一般,*,*,*,法定解除,*,*
法定外福利費,,,1,名詞,固有名詞,一般,*,*,*,法定外福利費,*,*
法定外労働時間,,,1,名詞,固有名詞,一般,*,*,*,法定外労働時間,*,*
法定後見制度,,,1,名詞,固有名詞,一般,*,*,*,法定後見制度,*,*
法定重利,,,1,名詞,固有名詞,一般,*,*,*,法定重利,*,*
法定相続,,,1,名詞,固有名詞,一般,*,*,*,法定相続,*,*
法定相続人,,,1,名詞,固有名詞,一般,*,*,*,法定相続人,*,*
法定代理,,,1,名詞,固有名詞,一般,*,*,*,法定代理,*,*
法定福利費,,,1,名詞,固有名詞,一般,*,*,*,法定福利費,*,*
法定免除,,,1,名詞,固有名詞,一般,*,*,*,法定免除,*,*
法定離婚原因,,,1,名詞,固有名詞,一般,*,*,*,法定離婚原因,*,*
法定利息,,,1,名詞,固有名詞,一般,*,*,*,法定利息,*,*
訪問販売,,,1,名詞,固有名詞,一般,*,*,*,訪問販売,*,*
法律行為,,,1,名詞,固有名詞,一般,*,*,*,法律行為,*,*
保険業法,,,1,名詞,固有名詞,一般,*,*,*,保険業法,*,*
保険料免除制度,,,1,名詞,固有名詞,一般,*,*,*,保険料免除制度,*,*
保護観察,,,1,名詞,固有名詞,一般,*,*,*,保護観察,*,*
保護施設,,,1,名詞,固有名詞,一般,*,*,*,保護施設,*,*
保護命令,,,1,名詞,固有名詞,一般,*,*,*,保護命令,*,*
保佐,,,1,名詞,固有名詞,一般,*,*,*,保佐,*,*
保釈,,,1,名詞,固有名詞,一般,*,*,*,保釈,*,*
保証契約,,,1,名詞,固有名詞,一般,*,*,*,保証契約,*,*
保証人,,,1,名詞,固有名詞,一般,*,*,*,保証人,*,*
補充裁判員,,,1,名詞,固有名詞,一般,*,*,*,補充裁判員,*,*
補助,,,1,名詞,固有名詞,一般,*,*,*,補助,*,*
毎月1回以上定期払いの原則,,,1,名詞,固有名詞,一般,*,*,*,毎月1回以上定期払いの原則,*,*
マンション管理組合,,,1,名詞,固有名詞,一般,*,*,*,マンション管理組合,*,*
未成熟子,,,1,名詞,固有名詞,一般,*,*,*,未成熟子,*,*
未成年,,,1,名詞,固有名詞,一般,*,*,*,未成年,*,*
未成年後見監督人,,,1,名詞,固有名詞,一般,*,*,*,未成年後見監督人,*,*
未成年後見人,,,1,名詞,固有名詞,一般,*,*,*,未成年後見人,*,*
認印,,,1,名詞,固有名詞,一般,*,*,*,認印,*,*
未払い賃金の立替制度,,,1,名詞,固有名詞,一般,*,*,*,未払い賃金の立替制度,*,*
身元保証,,,1,名詞,固有名詞,一般,*,*,*,身元保証,*,*
民事再生,,,1,名詞,固有名詞,一般,*,*,*,民事再生,*,*
民事事件,,,1,名詞,固有名詞,一般,*,*,*,民事事件,*,*
民法,,,1,名詞,固有名詞,一般,*,*,*,民法,*,*
無過失責任,,,1,名詞,固有名詞,一般,*,*,*,無過失責任,*,*
無過失補償制度,,,1,名詞,固有名詞,一般,*,*,*,無過失補償制度,*,*
無権代理,,,1,名詞,固有名詞,一般,*,*,*,無権代理,*,*
免許停止,,,1,名詞,固有名詞,一般,*,*,*,免許停止,*,*
免許取消,,,1,名詞,固有名詞,一般,*,*,*,免許取消,*,*
免責決定,,,1,名詞,固有名詞,一般,*,*,*,免責決定,*,*
面接交渉,,,1,名詞,固有名詞,一般,*,*,*,面接交渉,*,*
申立書,,,1,名詞,固有名詞,一般,*,*,*,申立書,*,*
黙秘権,,,1,名詞,固有名詞,一般,*,*,*,黙秘権,*,*
問診,,,1,名詞,固有名詞,一般,*,*,*,問診,*,*
薬事法,,,1,名詞,固有名詞,一般,*,*,*,薬事法,*,*
約定,,,1,名詞,固有名詞,一般,*,*,*,約定,*,*
約定利息,,,1,名詞,固有名詞,一般,*,*,*,約定利息,*,*
約束手形,,,1,名詞,固有名詞,一般,*,*,*,約束手形,*,*
約款,,,1,名詞,固有名詞,一般,*,*,*,約款,*,*
ヤミ金,,,1,名詞,固有名詞,一般,*,*,*,ヤミ金,*,*
有給休暇,,,1,名詞,固有名詞,一般,*,*,*,有給休暇,*,*
有責行為,,,1,名詞,固有名詞,一般,*,*,*,有責行為,*,*
養育費,,,1,名詞,固有名詞,一般,*,*,*,養育費,*,*
要介護認定,,,1,名詞,固有名詞,一般,*,*,*,要介護認定,*,*
養子,,,1,名詞,固有名詞,一般,*,*,*,養子,*,*
養子縁組,,,1,名詞,固有名詞,一般,*,*,*,養子縁組,*,*
要支援認定,,,1,名詞,固有名詞,一般,*,*,*,要支援認定,*,*
容積率,,,1,名詞,固有名詞,一般,*,*,*,容積率,*,*
用途地域,,,1,名詞,固有名詞,一般,*,*,*,用途地域,*,*
与信,,,1,名詞,固有名詞,一般,*,*,*,与信,*,*
予約申込金,,,1,名詞,固有名詞,一般,*,*,*,予約申込金,*,*
４０１ｋ,,,1,名詞,固有名詞,一般,*,*,*,４０１ｋ,*,*
履行,,,1,名詞,固有名詞,一般,*,*,*,履行,*,*
履行勧告,,,1,名詞,固有名詞,一般,*,*,*,履行勧告,*,*
履行引受,,,1,名詞,固有名詞,一般,*,*,*,履行引受,*,*
履行命令,,,1,名詞,固有名詞,一般,*,*,*,履行命令,*,*
離婚,,,1,名詞,固有名詞,一般,*,*,*,離婚,*,*
離婚届,,,1,名詞,固有名詞,一般,*,*,*,離婚届,*,*
離婚届不受理申出制度,,,1,名詞,固有名詞,一般,*,*,*,離婚届不受理申出制度,*,*
離職票,,,1,名詞,固有名詞,一般,*,*,*,離職票,*,*
利息制限法,,,1,名詞,固有名詞,一般,*,*,*,利息制限法,*,*
立証責任,,,1,名詞,固有名詞,一般,*,*,*,立証責任,*,*
リバース・モーゲージ,,,1,名詞,固有名詞,一般,*,*,*,リバース・モーゲージ,*,*
リボルビング払い,,,1,名詞,固有名詞,一般,*,*,*,リボルビング払い,*,*
略式請求,,,1,名詞,固有名詞,一般,*,*,*,略式請求,*,*
略式手続,,,1,名詞,固有名詞,一般,*,*,*,略式手続,*,*
留置権,,,1,名詞,固有名詞,一般,*,*,*,留置権,*,*
リース契約,,,1,名詞,固有名詞,一般,*,*,*,リース契約,*,*
礼金,,,1,名詞,固有名詞,一般,*,*,*,礼金,*,*
連鎖販売取引,,,1,名詞,固有名詞,一般,*,*,*,連鎖販売取引,*,*
連帯保証人,,,1,名詞,固有名詞,一般,*,*,*,連帯保証人,*,*
労災事故,,,1,名詞,固有名詞,一般,*,*,*,労災事故,*,*
労災保険,,,1,名詞,固有名詞,一般,*,*,*,労災保険,*,*
労働委員会,,,1,名詞,固有名詞,一般,*,*,*,労働委員会,*,*
労働基準監督署,,,1,名詞,固有名詞,一般,*,*,*,労働基準監督署,*,*
労働基準法,,,1,名詞,固有名詞,一般,*,*,*,労働基準法,*,*
労働協約,,,1,名詞,固有名詞,一般,*,*,*,労働協約,*,*
労働協約の拡張適用による地域的最低賃金,,,1,名詞,固有名詞,一般,*,*,*,労働協約の拡張適用による地域的最低賃金,*,*
労働局長の助言・指導,,,1,名詞,固有名詞,一般,*,*,*,労働局長の助言・指導,*,*
労働組合,,,1,名詞,固有名詞,一般,*,*,*,労働組合,*,*
労働災害,,,1,名詞,固有名詞,一般,*,*,*,労働災害,*,*
労働審判,,,1,名詞,固有名詞,一般,*,*,*,労働審判,*,*
労働審判委員会,,,1,名詞,固有名詞,一般,*,*,*,労働審判委員会,*,*
労働条件の絶対的明示事項,,,1,名詞,固有名詞,一般,*,*,*,労働条件の絶対的明示事項,*,*
労働条件の相対的明示事項,,,1,名詞,固有名詞,一般,*,*,*,労働条件の相対的明示事項,*,*
労働保険審査会,,,1,名詞,固有名詞,一般,*,*,*,労働保険審査会,*,*
老齢基礎年金,,,1,名詞,固有名詞,一般,*,*,*,老齢基礎年金,*,*
和解,,,1,名詞,固有名詞,一般,*,*,*,和解,*,*
割増賃金,,,1,名詞,固有名詞,一般,*,*,*,割増賃金,*,*
ワンクリック詐欺,,,1,名詞,固有名詞,一般,*,*,*,ワンクリック詐欺,*,*
外国為替証拠金取引,,,1,名詞,固有名詞,一般,*,*,*,外国為替証拠金取引,*,*
外国人登録,,,1,名詞,固有名詞,一般,*,*,*,外国人登録,*,*
外国文認証,,,1,名詞,固有名詞,一般,*,*,*,外国文認証,*,*
学生納付特例制度,,,1,名詞,固有名詞,一般,*,*,*,学生納付特例制度,*,*
逆送,,,1,名詞,固有名詞,一般,*,*,*,逆送,*,*
行政手続法,,,1,名詞,固有名詞,一般,*,*,*,行政手続法,*,*
行政評価局,,,1,名詞,固有名詞,一般,*,*,*,行政評価局,*,*
行政不服審査,,,1,名詞,固有名詞,一般,*,*,*,行政不服審査,*,*
行政不服審査請求,,,1,名詞,固有名詞,一般,*,*,*,行政不服審査請求,*,*
行政不服審査法,,,1,名詞,固有名詞,一般,*,*,*,行政不服審査法,*,*
業務起因性,,,1,名詞,固有名詞,一般,*,*,*,業務起因性,*,*
業務遂行性,,,1,名詞,固有名詞,一般,*,*,*,業務遂行性,*,*
業務提供誘引販売取引,,,1,名詞,固有名詞,一般,*,*,*,業務提供誘引販売取引,*,*
銀行窓販,,,1,名詞,固有名詞,一般,*,*,*,銀行窓販,*,*
グレーゾーン,,,1,名詞,固有名詞,一般,*,*,*,グレーゾーン,*,*
原状回復義務,,,1,名詞,固有名詞,一般,*,*,*,原状回復義務,*,*
限定承認,,,1,名詞,固有名詞,一般,*,*,*,限定承認,*,*
原野商法,,,1,名詞,固有名詞,一般,*,*,*,原野商法,*,*
合意分割,,,1,名詞,固有名詞,一般,*,*,*,合意分割,*,*
財産開示手続,,,1,名詞,固有名詞,一般,*,*,*,財産開示手続,*,*
財産管理委任契約,,,1,名詞,固有名詞,一般,*,*,*,財産管理委任契約,*,*
財産管理権,,,1,名詞,固有名詞,一般,*,*,*,財産管理権,*,*
財産分与,,,1,名詞,固有名詞,一般,*,*,*,財産分与,*,*
在留資格,,,1,名詞,固有名詞,一般,*,*,*,在留資格,*,*
在留特別許可,,,1,名詞,固有名詞,一般,*,*,*,在留特別許可,*,*
暫定任意適用事業,,,1,名詞,固有名詞,一般,*,*,*,暫定任意適用事業,*,*
時間外労働,,,1,名詞,固有名詞,一般,*,*,*,時間外労働,*,*
時季指定,,,1,名詞,固有名詞,一般,*,*,*,時季指定,*,*
事業所外労働,,,1,名詞,固有名詞,一般,*,*,*,事業所外労働,*,*
時効,,,1,名詞,固有名詞,一般,*,*,*,時効,*,*
時効の援用,,,1,名詞,固有名詞,一般,*,*,*,時効の援用,*,*
時効の利益の放棄,,,1,名詞,固有名詞,一般,*,*,*,時効の利益の放棄,*,*
事故証明,,,1,名詞,固有名詞,一般,*,*,*,事故証明,*,*
自己破産,,,1,名詞,固有名詞,一般,*,*,*,自己破産,*,*
自己負担割合,,,1,名詞,固有名詞,一般,*,*,*,自己負担割合,*,*
事実婚,,,1,名詞,固有名詞,一般,*,*,*,事実婚,*,*
事実不告知,,,1,名詞,固有名詞,一般,*,*,*,事実不告知,*,*
示談,,,1,名詞,固有名詞,一般,*,*,*,示談,*,*
実況見分調書,,,1,名詞,固有名詞,一般,*,*,*,実況見分調書,*,*
実験商法,,,1,名詞,固有名詞,一般,*,*,*,実験商法,*,*
実印,,,1,名詞,固有名詞,一般,*,*,*,実印,*,*
児童委員,,,1,名詞,固有名詞,一般,*,*,*,児童委員,*,*
自動車安全運転センター,,,1,名詞,固有名詞,一般,*,*,*,自動車安全運転センター,*,*
自動車損害賠償責任保険,,,1,名詞,固有名詞,一般,*,*,*,自動車損害賠償責任保険,*,*
児童自立支援施設,,,1,名詞,固有名詞,一般,*,*,*,児童自立支援施設,*,*
児童相談所,,,1,名詞,固有名詞,一般,*,*,*,児童相談所,*,*
児童福祉司,,,1,名詞,固有名詞,一般,*,*,*,児童福祉司,*,*
自賠責保険,,,1,名詞,固有名詞,一般,*,*,*,自賠責保険,*,*
自筆証書遺言,,,1,名詞,固有名詞,一般,*,*,*,自筆証書遺言,*,*
事務管理,,,1,名詞,固有名詞,一般,*,*,*,事務管理,*,*
若年者納付猶予制度,,,1,名詞,固有名詞,一般,*,*,*,若年者納付猶予制度,*,*
ＪＡＳマーク,,,1,名詞,固有名詞,一般,*,*,*,ＪＡＳマーク,*,*
重婚,,,1,名詞,固有名詞,一般,*,*,*,重婚,*,*
住宅性能評価書,,,1,名詞,固有名詞,一般,*,*,*,住宅性能評価書,*,*
住民監査請求,,,1,名詞,固有名詞,一般,*,*,*,住民監査請求,*,*
住民基本台帳,,,1,名詞,固有名詞,一般,*,*,*,住民基本台帳,*,*
住民基本台帳ネットワークシステム,,,1,名詞,固有名詞,一般,*,*,*,住民基本台帳ネットワークシステム,*,*
重要事項説明書,,,1,名詞,固有名詞,一般,*,*,*,重要事項説明書,*,*
準委任契約,,,1,名詞,固有名詞,一般,*,*,*,準委任契約,*,*
準抗告,,,1,名詞,固有名詞,一般,*,*,*,準抗告,*,*
準消費貸借,,,1,名詞,固有名詞,一般,*,*,*,準消費貸借,*,*
準正,,,1,名詞,固有名詞,一般,*,*,*,準正,*,*
準法律行為,,,1,名詞,固有名詞,一般,*,*,*,準法律行為,*,*
上告,,,1,名詞,固有名詞,一般,*,*,*,上告,*,*
譲渡担保,,,1,名詞,固有名詞,一般,*,*,*,譲渡担保,*,*
上皮内新生物,,,1,名詞,固有名詞,一般,*,*,*,上皮内新生物,*,*
情報公開制度,,,1,名詞,固有名詞,一般,*,*,*,情報公開制度,*,*
常用就職支度金,,,1,名詞,固有名詞,一般,*,*,*,常用就職支度金,*,*
人権擁護委員,,,1,名詞,固有名詞,一般,*,*,*,人権擁護委員,*,*
人身保護請求,,,1,名詞,固有名詞,一般,*,*,*,人身保護請求,*,*
人事権,,,1,名詞,固有名詞,一般,*,*,*,人事権,*,*
善意・悪意,,,1,名詞,固有名詞,一般,*,*,*,善意・悪意,*,*
全額払いの原則,,,1,名詞,固有名詞,一般,*,*,*,全額払いの原則,*,*
前納制度,,,1,名詞,固有名詞,一般,*,*,*,前納制度,*,*
贈与税,,,1,名詞,固有名詞,一般,*,*,*,贈与税,*,*
第１号被保険者,,,1,名詞,固有名詞,一般,*,*,*,第１号被保険者,*,*
代休,,,1,名詞,固有名詞,一般,*,*,*,代休,*,*
第３号被保険者,,,1,名詞,固有名詞,一般,*,*,*,第３号被保険者,*,*
代襲相続,,,1,名詞,固有名詞,一般,*,*,*,代襲相続,*,*
第２号被保険者,,,1,名詞,固有名詞,一般,*,*,*,第２号被保険者,*,*
代理,,,1,名詞,固有名詞,一般,*,*,*,代理,*,*
脱退一時金,,,1,名詞,固有名詞,一般,*,*,*,脱退一時金,*,*
男女雇用機会均等法,,,1,名詞,固有名詞,一般,*,*,*,男女雇用機会均等法,*,*
団体交渉,,,1,名詞,固有名詞,一般,*,*,*,団体交渉,*,*
断定的判断の提供,,,1,名詞,固有名詞,一般,*,*,*,断定的判断の提供,*,*
ＤＶ保護法,,,1,名詞,固有名詞,一般,*,*,*,ＤＶ保護法,*,*
デイサービス,,,1,名詞,固有名詞,一般,*,*,*,デイサービス,*,*
デリバティブ,,,1,名詞,固有名詞,一般,*,*,*,デリバティブ,*,*
電気用品安全法,,,1,名詞,固有名詞,一般,*,*,*,電気用品安全法,*,*
電子公証制度,,,1,名詞,固有名詞,一般,*,*,*,電子公証制度,*,*
電子定款,,,1,名詞,固有名詞,一般,*,*,*,電子定款,*,*
電話勧誘販売,,,1,名詞,固有名詞,一般,*,*,*,電話勧誘販売,*,*
デート商法,,,1,名詞,固有名詞,一般,*,*,*,デート商法,*,*
同意権,,,1,名詞,固有名詞,一般,*,*,*,同意権,*,*
同時履行,,,1,名詞,固有名詞,一般,*,*,*,同時履行,*,*
同棲,,,1,名詞,固有名詞,一般,*,*,*,同棲,*,*
道路交通法,,,1,名詞,固有名詞,一般,*,*,*,道路交通法,*,*
独立行政委員会,,,1,名詞,固有名詞,一般,*,*,*,独立行政委員会,*,*
陪審制度,,,1,名詞,固有名詞,一般,*,*,*,陪審制度,*,*
ビザ,,,1,名詞,固有名詞,一般,*,*,*,ビザ,*,*
ビデオリンク,,,1,名詞,固有名詞,一般,*,*,*,ビデオリンク,*,*
物権,,,1,名詞,固有名詞,一般,*,*,*,物権,*,*
物上保証人,,,1,名詞,固有名詞,一般,*,*,*,物上保証人,*,*
ブラックリスト,,,1,名詞,固有名詞,一般,*,*,*,ブラックリスト,*,*
分籍届,,,1,名詞,固有名詞,一般,*,*,*,分籍届,*,*
弁済,,,1,名詞,固有名詞,一般,*,*,*,弁済,*,*
母子家庭自立支援給付金,,,1,名詞,固有名詞,一般,*,*,*,母子家庭自立支援給付金,*,*
パブリックコメント,,,1,名詞,固有名詞,一般,*,*,*,パブリックコメント,*,*
パワー･ハラスメント,,,1,名詞,固有名詞,一般,*,*,*,パワー･ハラスメント,*,*
パートタイム労働,,,1,名詞,固有名詞,一般,*,*,*,パートタイム労働,*,*
ＡＤＲ,,,1,名詞,固有名詞,一般,*,*,*,ＡＤＲ,*,*
FX,,,1,名詞,固有名詞,一般,*,*,*,FX,*,*
PL法せいぞうぶつせきにんほう,,,1,名詞,固有名詞,一般,*,*,*,PL法せいぞうぶつせきにんほう,*,*
製造物責任法,,,1,名詞,固有名詞,一般,*,*,*,製造物責任法,*,*
悪意,,,1,名詞,固有名詞,一般,*,*,*,悪意,*,*
悪意の遺棄,,,1,名詞,固有名詞,一般,*,*,*,悪意の遺棄,*,*
アポイントメントセールス,,,1,名詞,固有名詞,一般,*,*,*,アポイントメントセールス,*,*
アンケート商法,,,1,名詞,固有名詞,一般,*,*,*,アンケート商法,*,*
安全配慮義務,,,1,名詞,固有名詞,一般,*,*,*,安全配慮義務,*,*
育児休業,,,1,名詞,固有名詞,一般,*,*,*,育児休業,*,*
育児休業給付,,,1,名詞,固有名詞,一般,*,*,*,育児休業給付,*,*
育児休業給付金,,,1,名詞,固有名詞,一般,*,*,*,育児休業給付金,*,*
遺言,,,1,名詞,固有名詞,一般,*,*,*,遺言,*,*
遺言執行者,,,1,名詞,固有名詞,一般,*,*,*,遺言執行者,*,*
遺言信託,,,1,名詞,固有名詞,一般,*,*,*,遺言信託,*,*
遺産分割協議,,,1,名詞,固有名詞,一般,*,*,*,遺産分割協議,*,*
遺産分割協議書,,,1,名詞,固有名詞,一般,*,*,*,遺産分割協議書,*,*
意思能力,,,1,名詞,固有名詞,一般,*,*,*,意思能力,*,*
意思表示,,,1,名詞,固有名詞,一般,*,*,*,意思表示,*,*
慰謝料,,,1,名詞,固有名詞,一般,*,*,*,慰謝料,*,*
遺贈,,,1,名詞,固有名詞,一般,*,*,*,遺贈,*,*
遺族年金,,,1,名詞,固有名詞,一般,*,*,*,遺族年金,*,*
遺族補償一時金,,,1,名詞,固有名詞,一般,*,*,*,遺族補償一時金,*,*
遺族補償年金,,,1,名詞,固有名詞,一般,*,*,*,遺族補償年金,*,*
委託契約,,,1,名詞,固有名詞,一般,*,*,*,委託契約,*,*
位置指定道路,,,1,名詞,固有名詞,一般,*,*,*,位置指定道路,*,*
一時保護施設,,,1,名詞,固有名詞,一般,*,*,*,一時保護施設,*,*
一部保証,,,1,名詞,固有名詞,一般,*,*,*,一部保証,*,*
逸失利益,,,1,名詞,固有名詞,一般,*,*,*,逸失利益,*,*
一般求職者給付,,,1,名詞,固有名詞,一般,*,*,*,一般求職者給付,*,*
一般労働者派遣事業,,,1,名詞,固有名詞,一般,*,*,*,一般労働者派遣事業,*,*
移転費,,,1,名詞,固有名詞,一般,*,*,*,移転費,*,*
委任,,,1,名詞,固有名詞,一般,*,*,*,委任,*,*
威迫,,,1,名詞,固有名詞,一般,*,*,*,威迫,*,*
違約金,,,1,名詞,固有名詞,一般,*,*,*,違約金,*,*
違約罰としての手付,,,1,名詞,固有名詞,一般,*,*,*,違約罰としての手付,*,*
医薬品副作用被害救済制度,,,1,名詞,固有名詞,一般,*,*,*,医薬品副作用被害救済制度,*,*
遺留分,,,1,名詞,固有名詞,一般,*,*,*,遺留分,*,*
遺留分減殺請求,,,1,名詞,固有名詞,一般,*,*,*,遺留分減殺請求,*,*
医療過誤,,,1,名詞,固有名詞,一般,*,*,*,医療過誤,*,*
医療事故,,,1,名詞,固有名詞,一般,*,*,*,医療事故,*,*
印鑑証明書,,,1,名詞,固有名詞,一般,*,*,*,印鑑証明書,*,*
インサイダー取引,,,1,名詞,固有名詞,一般,*,*,*,インサイダー取引,*,*
姻族関係終了届,,,1,名詞,固有名詞,一般,*,*,*,姻族関係終了届,*,*
院内感染,,,1,名詞,固有名詞,一般,*,*,*,院内感染,*,*
インフォームド・コンセント,,,1,名詞,固有名詞,一般,*,*,*,インフォームド・コンセント,*,*
請負,,,1,名詞,固有名詞,一般,*,*,*,請負,*,*
請負契約,,,1,名詞,固有名詞,一般,*,*,*,請負契約,*,*
受取代理制度,,,1,名詞,固有名詞,一般,*,*,*,受取代理制度,*,*
氏の変更,,,1,名詞,固有名詞,一般,*,*,*,氏の変更,*,*
運行共用者,,,1,名詞,固有名詞,一般,*,*,*,運行共用者,*,*
永住者,,,1,名詞,固有名詞,一般,*,*,*,永住者,*,*
ＳＦ商法,,,1,名詞,固有名詞,一般,*,*,*,ＳＦ商法,*,*
ＮＧＯ,,,1,名詞,固有名詞,一般,*,*,*,ＮＧＯ,*,*
エヌジーオー,,,1,名詞,固有名詞,一般,*,*,*,エヌジーオー,*,*
ＮＰＯ,,,1,名詞,固有名詞,一般,*,*,*,ＮＰＯ,*,*
エヌピーオー,,,1,名詞,固有名詞,一般,*,*,*,エヌピーオー,*,*
ＭＬＭ,,,1,名詞,固有名詞,一般,*,*,*,ＭＬＭ,*,*
親子関係不存在の訴え,,,1,名詞,固有名詞,一般,*,*,*,親子関係不存在の訴え,*,*
オンブズマン制度,,,1,名詞,固有名詞,一般,*,*,*,オンブズマン制度,*,*
オークション,,,1,名詞,固有名詞,一般,*,*,*,オークション,*,*
開運商法,,,1,名詞,固有名詞,一般,*,*,*,開運商法,*,*
解雇,,,1,名詞,固有名詞,一般,*,*,*,解雇,*,*
解雇権濫用法理,,,1,名詞,固有名詞,一般,*,*,*,解雇権濫用法理,*,*
介護休業,,,1,名詞,固有名詞,一般,*,*,*,介護休業,*,*
介護休業給付,,,1,名詞,固有名詞,一般,*,*,*,介護休業給付,*,*
介護報酬,,,1,名詞,固有名詞,一般,*,*,*,介護報酬,*,*
介護保険制度,,,1,名詞,固有名詞,一般,*,*,*,介護保険制度,*,*
開示請求,,,1,名詞,固有名詞,一般,*,*,*,開示請求,*,*
買戻し特約,,,1,名詞,固有名詞,一般,*,*,*,買戻し特約,*,*
解約手付,,,1,名詞,固有名詞,一般,*,*,*,解約手付,*,*
解約返戻金,,,1,名詞,固有名詞,一般,*,*,*,解約返戻金,*,*
架空請求詐欺,,,1,名詞,固有名詞,一般,*,*,*,架空請求詐欺,*,*
確定給付企業年金,,,1,名詞,固有名詞,一般,*,*,*,確定給付企業年金,*,*
確定拠出型年金,,,1,名詞,固有名詞,一般,*,*,*,確定拠出型年金,*,*
確定日付,,,1,名詞,固有名詞,一般,*,*,*,確定日付,*,*
隠れたる瑕疵,,,1,名詞,固有名詞,一般,*,*,*,隠れたる瑕疵,*,*
瑕疵,,,1,名詞,固有名詞,一般,*,*,*,瑕疵,*,*
貸金業法,,,1,名詞,固有名詞,一般,*,*,*,貸金業法,*,*
瑕疵担保責任,,,1,名詞,固有名詞,一般,*,*,*,瑕疵担保責任,*,*
過失責任,,,1,名詞,固有名詞,一般,*,*,*,過失責任,*,*
過失相殺,,,1,名詞,固有名詞,一般,*,*,*,過失相殺,*,*
家事審判,,,1,名詞,固有名詞,一般,*,*,*,家事審判,*,*
家事事件,,,1,名詞,固有名詞,一般,*,*,*,家事事件,*,*
割賦販売,,,1,名詞,固有名詞,一般,*,*,*,割賦販売,*,*
家庭裁判所,,,1,名詞,固有名詞,一般,*,*,*,家庭裁判所,*,*
家庭裁判所送致,,,1,名詞,固有名詞,一般,*,*,*,家庭裁判所送致,*,*
家庭用品品質表示法,,,1,名詞,固有名詞,一般,*,*,*,家庭用品品質表示法,*,*
過払い金,,,1,名詞,固有名詞,一般,*,*,*,過払い金,*,*
可分債務,,,1,名詞,固有名詞,一般,*,*,*,可分債務,*,*
仮差押え,,,1,名詞,固有名詞,一般,*,*,*,仮差押え,*,*
仮執行宣言,,,1,名詞,固有名詞,一般,*,*,*,仮執行宣言,*,*
仮釈放,,,1,名詞,固有名詞,一般,*,*,*,仮釈放,*,*
仮登記,,,1,名詞,固有名詞,一般,*,*,*,仮登記,*,*
仮登記担保,,,1,名詞,固有名詞,一般,*,*,*,仮登記担保,*,*
過量販売,,,1,名詞,固有名詞,一般,*,*,*,過量販売,*,*
カルテ,,,1,名詞,固有名詞,一般,*,*,*,カルテ,*,*
カルテ開示請求,,,1,名詞,固有名詞,一般,*,*,*,カルテ開示請求,*,*
過労死,,,1,名詞,固有名詞,一般,*,*,*,過労死,*,*
為替手形,,,1,名詞,固有名詞,一般,*,*,*,為替手形,*,*
簡易裁判所,,,1,名詞,固有名詞,一般,*,*,*,簡易裁判所,*,*
看護休暇,,,1,名詞,固有名詞,一般,*,*,*,看護休暇,*,*
監護教育権,,,1,名詞,固有名詞,一般,*,*,*,監護教育権,*,*
観護措置,,,1,名詞,固有名詞,一般,*,*,*,観護措置,*,*
間接強制,,,1,名詞,固有名詞,一般,*,*,*,間接強制,*,*
間接差別,,,1,名詞,固有名詞,一般,*,*,*,間接差別,*,*
間接代理,,,1,名詞,固有名詞,一般,*,*,*,間接代理,*,*
勧誘方針,,,1,名詞,固有名詞,一般,*,*,*,勧誘方針,*,*
管理監督者,,,1,名詞,固有名詞,一般,*,*,*,管理監督者,*,*
既往症,,,1,名詞,固有名詞,一般,*,*,*,既往症,*,*
帰化申請,,,1,名詞,固有名詞,一般,*,*,*,帰化申請,*,*
危急時遺言,,,1,名詞,固有名詞,一般,*,*,*,危急時遺言,*,*
危険運転致死罪,,,1,名詞,固有名詞,一般,*,*,*,危険運転致死罪,*,*
期限の利益,,,1,名詞,固有名詞,一般,*,*,*,期限の利益,*,*
期限の利益喪失約款,,,1,名詞,固有名詞,一般,*,*,*,期限の利益喪失約款,*,*
期日外尋問,,,1,名詞,固有名詞,一般,*,*,*,期日外尋問,*,*
起訴,,,1,名詞,固有名詞,一般,*,*,*,起訴,*,*
基礎年金番号,,,1,名詞,固有名詞,一般,*,*,*,基礎年金番号,*,*
寄託,,,1,名詞,固有名詞,一般,*,*,*,寄託,*,*
キャッチセールス,,,1,名詞,固有名詞,一般,*,*,*,キャッチセールス,*,*
救急指定病院,,,1,名詞,固有名詞,一般,*,*,*,救急指定病院,*,*
休業給付,,,1,名詞,固有名詞,一般,*,*,*,休業給付,*,*
休業特別支給金,,,1,名詞,固有名詞,一般,*,*,*,休業特別支給金,*,*
休業補償給付,,,1,名詞,固有名詞,一般,*,*,*,休業補償給付,*,*
求償権,,,1,名詞,固有名詞,一般,*,*,*,求償権,*,*
求職者給付,,,1,名詞,固有名詞,一般,*,*,*,求職者給付,*,*
休日労働,,,1,名詞,固有名詞,一般,*,*,*,休日労働,*,*
給与所得者再生,,,1,名詞,固有名詞,一般,*,*,*,給与所得者再生,*,*
教育訓練給付,,,1,名詞,固有名詞,一般,*,*,*,教育訓練給付,*,*
境界,,,1,名詞,固有名詞,一般,*,*,*,境界,*,*
境界標,,,1,名詞,固有名詞,一般,*,*,*,境界標,*,*
協議離婚,,,1,名詞,固有名詞,一般,*,*,*,協議離婚,*,*
共済組合,,,1,名詞,固有名詞,一般,*,*,*,共済組合,*,*
強制執行,,,1,名詞,固有名詞,一般,*,*,*,強制執行,*,*
強制退去,,,1,名詞,固有名詞,一般,*,*,*,強制退去,*,*
強制適用事業,,,1,名詞,固有名詞,一般,*,*,*,強制適用事業,*,*
強制保険,,,1,名詞,固有名詞,一般,*,*,*,強制保険,*,*
供託,,,1,名詞,固有名詞,一般,*,*,*,供託,*,*
共同監護,,,1,名詞,固有名詞,一般,*,*,*,共同監護,*,*
共同抵当,,,1,名詞,固有名詞,一般,*,*,*,共同抵当,*,*
強迫,,,1,名詞,固有名詞,一般,*,*,*,強迫,*,*
共用部分,,,1,名詞,固有名詞,一般,*,*,*,共用部分,*,*
居所指定権,,,1,名詞,固有名詞,一般,*,*,*,居所指定権,*,*
寄与分,,,1,名詞,固有名詞,一般,*,*,*,寄与分,*,*
金銭貸借,,,1,名詞,固有名詞,一般,*,*,*,金銭貸借,*,*
金融商品取引法,,,1,名詞,固有名詞,一般,*,*,*,金融商品取引法,*,*
金融商品販売法,,,1,名詞,固有名詞,一般,*,*,*,金融商品販売法,*,*
区分所有者,,,1,名詞,固有名詞,一般,*,*,*,区分所有者,*,*
区分所有法,,,1,名詞,固有名詞,一般,*,*,*,区分所有法,*,*
組合健康保険,,,1,名詞,固有名詞,一般,*,*,*,組合健康保険,*,*
繰上げ請求,,,1,名詞,固有名詞,一般,*,*,*,繰上げ請求,*,*
クリーニング事故賠償基準,,,1,名詞,固有名詞,一般,*,*,*,クリーニング事故賠償基準,*,*
クレジット契約,,,1,名詞,固有名詞,一般,*,*,*,クレジット契約,*,*
クーリング･オフ,,,1,名詞,固有名詞,一般,*,*,*,クーリング･オフ,*,*
ケアマネージャー,,,1,名詞,固有名詞,一般,*,*,*,ケアマネージャー,*,*
刑事事件,,,1,名詞,固有名詞,一般,*,*,*,刑事事件,*,*
刑事和解制度,,,1,名詞,固有名詞,一般,*,*,*,刑事和解制度,*,*
継続雇用制度,,,1,名詞,固有名詞,一般,*,*,*,継続雇用制度,*,*
経年変化,,,1,名詞,固有名詞,一般,*,*,*,経年変化,*,*
競売,,,1,名詞,固有名詞,一般,*,*,*,競売,*,*
景品表示法,,,1,名詞,固有名詞,一般,*,*,*,景品表示法,*,*
契約,,,1,名詞,固有名詞,一般,*,*,*,契約,*,*
契約者の告知義務,,,1,名詞,固有名詞,一般,*,*,*,契約者の告知義務,*,*
契約自由の原則,,,1,名詞,固有名詞,一般,*,*,*,契約自由の原則,*,*
契約の取消,,,1,名詞,固有名詞,一般,*,*,*,契約の取消,*,*
契約の無効,,,1,名詞,固有名詞,一般,*,*,*,契約の無効,*,*
血統主義,,,1,名詞,固有名詞,一般,*,*,*,血統主義,*,*
健康保険,,,1,名詞,固有名詞,一般,*,*,*,健康保険,*,*
検索の抗弁権,,,1,名詞,固有名詞,一般,*,*,*,検索の抗弁権,*,*
検察官送致,,,1,名詞,固有名詞,一般,*,*,*,検察官送致,*,*
検察審査会,,,1,名詞,固有名詞,一般,*,*,*,検察審査会,*,*
検視調書,,,1,名詞,固有名詞,一般,*,*,*,検視調書,*,*
建築請負契約,,,1,名詞,固有名詞,一般,*,*,*,建築請負契約,*,*
検認,,,1,名詞,固有名詞,一般,*,*,*,検認,*,*
建ぺい率,,,1,名詞,固有名詞,一般,*,*,*,建ぺい率,*,*
権利外観法理,,,1,名詞,固有名詞,一般,*,*,*,権利外観法理,*,*
権利金,,,1,名詞,固有名詞,一般,*,*,*,権利金,*,*
権利証,,,1,名詞,固有名詞,一般,*,*,*,権利証,*,*
権利の濫用,,,1,名詞,固有名詞,一般,*,*,*,権利の濫用,*,*
広域休職活動費,,,1,名詞,固有名詞,一般,*,*,*,広域休職活動費,*,*
後遺障害,,,1,名詞,固有名詞,一般,*,*,*,後遺障害,*,*
公益通報者保護制度,,,1,名詞,固有名詞,一般,*,*,*,公益通報者保護制度,*,*
高額療養費制度,,,1,名詞,固有名詞,一般,*,*,*,高額療養費制度,*,*
後期高齢者医療制度,,,1,名詞,固有名詞,一般,*,*,*,後期高齢者医療制度,*,*
後期高齢者医療制度の保険証,,,1,名詞,固有名詞,一般,*,*,*,後期高齢者医療制度の保険証,*,*
公共職業安定所,,,1,名詞,固有名詞,一般,*,*,*,公共職業安定所,*,*
後見,,,1,名詞,固有名詞,一般,*,*,*,後見,*,*
後見監督人,,,1,名詞,固有名詞,一般,*,*,*,後見監督人,*,*
後見人,,,1,名詞,固有名詞,一般,*,*,*,後見人,*,*
公証役場,,,1,名詞,固有名詞,一般,*,*,*,公証役場,*,*
更新料,,,1,名詞,固有名詞,一般,*,*,*,更新料,*,*
公示送達,,,1,名詞,固有名詞,一般,*,*,*,公示送達,*,*
公序良俗,,,1,名詞,固有名詞,一般,*,*,*,公序良俗,*,*
公正証書,,,1,名詞,固有名詞,一般,*,*,*,公正証書,*,*
公正証書遺言,,,1,名詞,固有名詞,一般,*,*,*,公正証書遺言,*,*
厚生年金,,,1,名詞,固有名詞,一般,*,*,*,厚生年金,*,*
厚生年金基金,,,1,名詞,固有名詞,一般,*,*,*,厚生年金基金,*,*
更生保護,,,1,名詞,固有名詞,一般,*,*,*,更生保護,*,*
控訴,,,1,名詞,固有名詞,一般,*,*,*,控訴,*,*
公訴時効,,,1,名詞,固有名詞,一般,*,*,*,公訴時効,*,*
交通事件即決裁判手続,,,1,名詞,固有名詞,一般,*,*,*,交通事件即決裁判手続,*,*
高等裁判所,,,1,名詞,固有名詞,一般,*,*,*,高等裁判所,*,*
公判請求,,,1,名詞,固有名詞,一般,*,*,*,公判請求,*,*
公売,,,1,名詞,固有名詞,一般,*,*,*,公売,*,*
抗弁,,,1,名詞,固有名詞,一般,*,*,*,抗弁,*,*
勾留,,,1,名詞,固有名詞,一般,*,*,*,勾留,*,*
高齢者求職者給付,,,1,名詞,固有名詞,一般,*,*,*,高齢者求職者給付,*,*
高齢者虐待防止法,,,1,名詞,固有名詞,一般,*,*,*,高齢者虐待防止法,*,*
高齢者雇用継続給付,,,1,名詞,固有名詞,一般,*,*,*,高齢者雇用継続給付,*,*
高齢受給者証,,,1,名詞,固有名詞,一般,*,*,*,高齢受給者証,*,*
顧客に対する誠実義務,,,1,名詞,固有名詞,一般,*,*,*,顧客に対する誠実義務,*,*
小切手,,,1,名詞,固有名詞,一般,*,*,*,小切手,*,*
国籍,,,1,名詞,固有名詞,一般,*,*,*,国籍,*,*
国籍留保届,,,1,名詞,固有名詞,一般,*,*,*,国籍留保届,*,*
国選弁護,,,1,名詞,固有名詞,一般,*,*,*,国選弁護,*,*
告訴,,,1,名詞,固有名詞,一般,*,*,*,告訴,*,*
告訴権者,,,1,名詞,固有名詞,一般,*,*,*,告訴権者,*,*
告発,,,1,名詞,固有名詞,一般,*,*,*,告発,*,*
国民健康保険,,,1,名詞,固有名詞,一般,*,*,*,国民健康保険,*,*
国民年金,,,1,名詞,固有名詞,一般,*,*,*,国民年金,*,*
国民年金基金,,,1,名詞,固有名詞,一般,*,*,*,国民年金基金,*,*
国民年金保険,,,1,名詞,固有名詞,一般,*,*,*,国民年金保険,*,*
個人再生手続,,,1,名詞,固有名詞,一般,*,*,*,個人再生手続,*,*
戸籍の全部事項証明書,,,1,名詞,固有名詞,一般,*,*,*,戸籍の全部事項証明書,*,*
国家賠償法,,,1,名詞,固有名詞,一般,*,*,*,国家賠償法,*,*
雇用継続給付,,,1,名詞,固有名詞,一般,*,*,*,雇用継続給付,*,*
雇用保険,,,1,名詞,固有名詞,一般,*,*,*,雇用保険,*,*
雇用保険2事業,,,1,名詞,固有名詞,一般,*,*,*,雇用保険2事業,*,*
婚姻,,,1,名詞,固有名詞,一般,*,*,*,婚姻,*,*
債権,,,1,名詞,固有名詞,一般,*,*,*,債権,*,*
債権譲渡,,,1,名詞,固有名詞,一般,*,*,*,債権譲渡,*,*
債権放棄,,,1,名詞,固有名詞,一般,*,*,*,債権放棄,*,*
最高裁判所,,,1,名詞,固有名詞,一般,*,*,*,最高裁判所,*,*
催告,,,1,名詞,固有名詞,一般,*,*,*,催告,*,*
催告の抗弁権,,,1,名詞,固有名詞,一般,*,*,*,催告の抗弁権,*,*
再就職手当,,,1,名詞,固有名詞,一般,*,*,*,再就職手当,*,*
再審請求,,,1,名詞,固有名詞,一般,*,*,*,再審請求,*,*
再生計画,,,1,名詞,固有名詞,一般,*,*,*,再生計画,*,*
裁定請求,,,1,名詞,固有名詞,一般,*,*,*,裁定請求,*,*
最低賃金,,,1,名詞,固有名詞,一般,*,*,*,最低賃金,*,*
再売買の予約,,,1,名詞,固有名詞,一般,*,*,*,再売買の予約,*,*
裁判員,,,1,名詞,固有名詞,一般,*,*,*,裁判員,*,*
裁判員候補者名簿,,,1,名詞,固有名詞,一般,*,*,*,裁判員候補者名簿,*,*
裁判員制度,,,1,名詞,固有名詞,一般,*,*,*,裁判員制度,*,*
裁判員選任手続,,,1,名詞,固有名詞,一般,*,*,*,裁判員選任手続,*,*
裁判外紛争解決手続,,,1,名詞,固有名詞,一般,*,*,*,裁判外紛争解決手続,*,*
裁判離婚,,,1,名詞,固有名詞,一般,*,*,*,裁判離婚,*,*
債務,,,1,名詞,固有名詞,一般,*,*,*,債務,*,*
債務整理,,,1,名詞,固有名詞,一般,*,*,*,債務整理,*,*
債務名義,,,1,名詞,固有名詞,一般,*,*,*,債務名義,*,*
裁量労働制,,,1,名詞,固有名詞,一般,*,*,*,裁量労働制,*,*
詐害行為の受益者,,,1,名詞,固有名詞,一般,*,*,*,詐害行為の受益者,*,*
先取特権,,,1,名詞,固有名詞,一般,*,*,*,先取特権,*,*
詐欺,,,1,名詞,固有名詞,一般,*,*,*,詐欺,*,*
錯誤,,,1,名詞,固有名詞,一般,*,*,*,錯誤,*,*
差押え,,,1,名詞,固有名詞,一般,*,*,*,差押え,*,*
差止請求,,,1,名詞,固有名詞,一般,*,*,*,差止請求,*,*
里親委託,,,1,名詞,固有名詞,一般,*,*,*,里親委託,*,*
３６協定,,,1,名詞,固有名詞,一般,*,*,*,３６協定,*,*
産業別最低賃金,,,1,名詞,固有名詞,一般,*,*,*,産業別最低賃金,*,*
３号分割,,,1,名詞,固有名詞,一般,*,*,*,３号分割,*,*
三審制,,,1,名詞,固有名詞,一般,*,*,*,三審制,*,*
参審制度,,,1,名詞,固有名詞,一般,*,*,*,参審制度,*,*
死因贈与,,,1,名詞,固有名詞,一般,*,*,*,死因贈与,*,*
シェルター,,,1,名詞,固有名詞,一般,*,*,*,シェルター,*,*
資格商法,,,1,名詞,固有名詞,一般,*,*,*,資格商法,*,*
市街化区域,,,1,名詞,固有名詞,一般,*,*,*,市街化区域,*,*
市街化調整区域,,,1,名詞,固有名詞,一般,*,*,*,市街化調整区域,*,*
敷金,,,1,名詞,固有名詞,一般,*,*,*,敷金,*,*
敷引き,,,1,名詞,固有名詞,一般,*,*,*,敷引き,*,*
私権,,,1,名詞,固有名詞,一般,*,*,*,私権,*,*
死後離縁,,,1,名詞,固有名詞,一般,*,*,*,死後離縁,*,*
施設サービス,,,1,名詞,固有名詞,一般,*,*,*,施設サービス,*,*
私選弁護,,,1,名詞,固有名詞,一般,*,*,*,私選弁護,*,*
自然人,,,1,名詞,固有名詞,一般,*,*,*,自然人,*,*
質権,,,1,名詞,固有名詞,一般,*,*,*,質権,*,*
執行証書,,,1,名詞,固有名詞,一般,*,*,*,執行証書,*,*
失踪宣告,,,1,名詞,固有名詞,一般,*,*,*,失踪宣告,*,*
失業手当に関する審査請求,,,1,名詞,固有名詞,一般,*,*,*,失業手当に関する審査請求,*,*
失業等給付,,,1,名詞,固有名詞,一般,*,*,*,失業等給付,*,*
失業保険,,,1,名詞,固有名詞,一般,*,*,*,失業保険,*,*
質問票,,,1,名詞,固有名詞,一般,*,*,*,質問票,*,*
指定介護老人福祉施設,,,1,名詞,固有名詞,一般,*,*,*,指定介護老人福祉施設,*,*
指定被害者支援要員制度,,,1,名詞,固有名詞,一般,*,*,*,指定被害者支援要員制度,*,*
支払督促,,,1,名詞,固有名詞,一般,*,*,*,支払督促,*,*
私文書認証,,,1,名詞,固有名詞,一般,*,*,*,私文書認証,*,*
死亡診断書,,,1,名詞,固有名詞,一般,*,*,*,死亡診断書,*,*
死亡届,,,1,名詞,固有名詞,一般,*,*,*,死亡届,*,*
社会福祉協議会,,,1,名詞,固有名詞,一般,*,*,*,社会福祉協議会,*,*
社会保険労務士,,,1,名詞,固有名詞,一般,*,*,*,社会保険労務士,*,*
社会保障,,,1,名詞,固有名詞,一般,*,*,*,社会保障,*,*
借地借家法,,,1,名詞,固有名詞,一般,*,*,*,借地借家法,*,*
借家権,,,1,名詞,固有名詞,一般,*,*,*,借家権,*,*
車検,,,1,名詞,固有名詞,一般,*,*,*,車検,*,*
遮へい措置,,,1,名詞,固有名詞,一般,*,*,*,遮へい措置,*,*
就業規則,,,1,名詞,固有名詞,一般,*,*,*,就業規則,*,*
就業促進手当,,,1,名詞,固有名詞,一般,*,*,*,就業促進手当,*,*
就業手当,,,1,名詞,固有名詞,一般,*,*,*,就業手当,*,*
就職促進給付,,,1,名詞,固有名詞,一般,*,*,*,就職促進給付,*,*
終身保険,,,1,名詞,固有名詞,一般,*,*,*,終身保険,*,*
主張責任,,,1,名詞,固有名詞,一般,*,*,*,主張責任,*,*
出産育児一時金,,,1,名詞,固有名詞,一般,*,*,*,出産育児一時金,*,*
出産手当金,,,1,名詞,固有名詞,一般,*,*,*,出産手当金,*,*
出産費貸付制度,,,1,名詞,固有名詞,一般,*,*,*,出産費貸付制度,*,*
出資法,,,1,名詞,固有名詞,一般,*,*,*,出資法,*,*
出生届,,,1,名詞,固有名詞,一般,*,*,*,出生届,*,*
取得時効,,,1,名詞,固有名詞,一般,*,*,*,取得時効,*,*
守秘義務,,,1,名詞,固有名詞,一般,*,*,*,守秘義務,*,*
紹介予定派遣,,,1,名詞,固有名詞,一般,*,*,*,紹介予定派遣,*,*
障害基礎年金,,,1,名詞,固有名詞,一般,*,*,*,障害基礎年金,*,*
障害認定日,,,1,名詞,固有名詞,一般,*,*,*,障害認定日,*,*
障害年金,,,1,名詞,固有名詞,一般,*,*,*,障害年金,*,*
推定相続人,,,1,名詞,固有名詞,一般,*,*,*,推定相続人,*,*
捨印,,,1,名詞,固有名詞,一般,*,*,*,捨印,*,*
ストーカー行為,,,1,名詞,固有名詞,一般,*,*,*,ストーカー行為,*,*
スワップ取引,,,1,名詞,固有名詞,一般,*,*,*,スワップ取引,*,*
生活保護基準,,,1,名詞,固有名詞,一般,*,*,*,生活保護基準,*,*
生活保護制度,,,1,名詞,固有名詞,一般,*,*,*,生活保護制度,*,*
請願,,,1,名詞,固有名詞,一般,*,*,*,請願,*,*
清算型遺贈,,,1,名詞,固有名詞,一般,*,*,*,清算型遺贈,*,*
成年後見制度,,,1,名詞,固有名詞,一般,*,*,*,成年後見制度,*,*
政府管掌健康保険,,,1,名詞,固有名詞,一般,*,*,*,政府管掌健康保険,*,*
政府保障事業,,,1,名詞,固有名詞,一般,*,*,*,政府保障事業,*,*
整理解雇,,,1,名詞,固有名詞,一般,*,*,*,整理解雇,*,*
セカンドオピニオン,,,1,名詞,固有名詞,一般,*,*,*,セカンドオピニオン,*,*
責任能力,,,1,名詞,固有名詞,一般,*,*,*,責任能力,*,*
セクシャル･ハラスメント,,,1,名詞,固有名詞,一般,*,*,*,セクシャル･ハラスメント,*,*
接近禁止命令,,,1,名詞,固有名詞,一般,*,*,*,接近禁止命令,*,*
接見交通権,,,1,名詞,固有名詞,一般,*,*,*,接見交通権,*,*
セットバック,,,1,名詞,固有名詞,一般,*,*,*,セットバック,*,*
船員保険,,,1,名詞,固有名詞,一般,*,*,*,船員保険,*,*
宣誓認証,,,1,名詞,固有名詞,一般,*,*,*,宣誓認証,*,*
選任予定裁判員,,,1,名詞,固有名詞,一般,*,*,*,選任予定裁判員,*,*
占有権,,,1,名詞,固有名詞,一般,*,*,*,占有権,*,*
専有部分,,,1,名詞,固有名詞,一般,*,*,*,専有部分,*,*
争議行為,,,1,名詞,固有名詞,一般,*,*,*,争議行為,*,*
送検,,,1,名詞,固有名詞,一般,*,*,*,送検,*,*
相殺,,,1,名詞,固有名詞,一般,*,*,*,相殺,*,*
葬祭給付,,,1,名詞,固有名詞,一般,*,*,*,葬祭給付,*,*
葬祭料,,,1,名詞,固有名詞,一般,*,*,*,葬祭料,*,*
相続,,,1,名詞,固有名詞,一般,*,*,*,相続,*,*
相続回復請求権,,,1,名詞,固有名詞,一般,*,*,*,相続回復請求権,*,*
相続財産,,,1,名詞,固有名詞,一般,*,*,*,相続財産,*,*
相続時精算課税,,,1,名詞,固有名詞,一般,*,*,*,相続時精算課税,*,*
相続税,,,1,名詞,固有名詞,一般,*,*,*,相続税,*,*
相続登記,,,1,名詞,固有名詞,一般,*,*,*,相続登記,*,*
相続人の廃除,,,1,名詞,固有名詞,一般,*,*,*,相続人の廃除,*,*
相続の開始,,,1,名詞,固有名詞,一般,*,*,*,相続の開始,*,*
相続分の取戻権,,,1,名詞,固有名詞,一般,*,*,*,相続分の取戻権,*,*
相続放棄,,,1,名詞,固有名詞,一般,*,*,*,相続放棄,*,*
訴額,,,1,名詞,固有名詞,一般,*,*,*,訴額,*,*
訴訟物の価格,,,1,名詞,固有名詞,一般,*,*,*,訴訟物の価格,*,*
即決裁判手続,,,1,名詞,固有名詞,一般,*,*,*,即決裁判手続,*,*
即決和解,,,1,名詞,固有名詞,一般,*,*,*,即決和解,*,*
損害賠償,,,1,名詞,固有名詞,一般,*,*,*,損害賠償,*,*
損害賠償の予定としての手付,,,1,名詞,固有名詞,一般,*,*,*,損害賠償の予定としての手付,*,*
損害賠償命令制度,,,1,名詞,固有名詞,一般,*,*,*,損害賠償命令制度,*,*
損失補てん,,,1,名詞,固有名詞,一般,*,*,*,損失補てん,*,*
退去命令,,,1,名詞,固有名詞,一般,*,*,*,退去命令,*,*
待婚期間,,,1,名詞,固有名詞,一般,*,*,*,待婚期間,*,*
退職勧奨,,,1,名詞,固有名詞,一般,*,*,*,退職勧奨,*,*
退職者医療制度,,,1,名詞,固有名詞,一般,*,*,*,退職者医療制度,*,*
宅地建物取引業法,,,1,名詞,固有名詞,一般,*,*,*,宅地建物取引業法,*,*
宅地建物取引主任者,,,1,名詞,固有名詞,一般,*,*,*,宅地建物取引主任者,*,*
多重債務,,,1,名詞,固有名詞,一般,*,*,*,多重債務,*,*
立退き料,,,1,名詞,固有名詞,一般,*,*,*,立退き料,*,*
建物買取請求権,,,1,名詞,固有名詞,一般,*,*,*,建物買取請求権,*,*
短期雇用特例求職者給付,,,1,名詞,固有名詞,一般,*,*,*,短期雇用特例求職者給付,*,*
単純相続,,,1,名詞,固有名詞,一般,*,*,*,単純相続,*,*
担保,,,1,名詞,固有名詞,一般,*,*,*,担保,*,*
地域別最低賃金,,,1,名詞,固有名詞,一般,*,*,*,地域別最低賃金,*,*
地域包括支援センター,,,1,名詞,固有名詞,一般,*,*,*,地域包括支援センター,*,*
地位保全の仮処分,,,1,名詞,固有名詞,一般,*,*,*,地位保全の仮処分,*,*
遅延損害金,,,1,名詞,固有名詞,一般,*,*,*,遅延損害金,*,*
地上権,,,1,名詞,固有名詞,一般,*,*,*,地上権,*,*
地方更正保護委員会,,,1,名詞,固有名詞,一般,*,*,*,地方更正保護委員会,*,*
地方裁判所,,,1,名詞,固有名詞,一般,*,*,*,地方裁判所,*,*
嫡出,,,1,名詞,固有名詞,一般,*,*,*,嫡出,*,*
嫡出推定,,,1,名詞,固有名詞,一般,*,*,*,嫡出推定,*,*
嫡出否認の訴え,,,1,名詞,固有名詞,一般,*,*,*,嫡出否認の訴え,*,*
仲介,,,1,名詞,固有名詞,一般,*,*,*,仲介,*,*
中高齢寡婦加算,,,1,名詞,固有名詞,一般,*,*,*,中高齢寡婦加算,*,*
仲裁,,,1,名詞,固有名詞,一般,*,*,*,仲裁,*,*
中途解約,,,1,名詞,固有名詞,一般,*,*,*,中途解約,*,*
懲戒解雇,,,1,名詞,固有名詞,一般,*,*,*,懲戒解雇,*,*
懲戒権,,,1,名詞,固有名詞,一般,*,*,*,懲戒権,*,*
懲戒処分,,,1,名詞,固有名詞,一般,*,*,*,懲戒処分,*,*
調査票,,,1,名詞,固有名詞,一般,*,*,*,調査票,*,*
長寿医療制度,,,1,名詞,固有名詞,一般,*,*,*,長寿医療制度,*,*
調停,,,1,名詞,固有名詞,一般,*,*,*,調停,*,*
調停前置主義,,,1,名詞,固有名詞,一般,*,*,*,調停前置主義,*,*
調停離婚,,,1,名詞,固有名詞,一般,*,*,*,調停離婚,*,*
直接払いの原則,,,1,名詞,固有名詞,一般,*,*,*,直接払いの原則,*,*
直系血族,,,1,名詞,固有名詞,一般,*,*,*,直系血族,*,*
直系尊属,,,1,名詞,固有名詞,一般,*,*,*,直系尊属,*,*
直系卑属,,,1,名詞,固有名詞,一般,*,*,*,直系卑属,*,*
陳情,,,1,名詞,固有名詞,一般,*,*,*,陳情,*,*
賃貸借契約,,,1,名詞,固有名詞,一般,*,*,*,賃貸借契約,*,*
追認権,,,1,名詞,固有名詞,一般,*,*,*,追認権,*,*
追納,,,1,名詞,固有名詞,一般,*,*,*,追納,*,*
通貨払いの原則,,,1,名詞,固有名詞,一般,*,*,*,通貨払いの原則,*,*
通勤災害,,,1,名詞,固有名詞,一般,*,*,*,通勤災害,*,*
通信販売,,,1,名詞,固有名詞,一般,*,*,*,通信販売,*,*
次々販売,,,1,名詞,固有名詞,一般,*,*,*,次々販売,*,*
ツークリック詐欺,,,1,名詞,固有名詞,一般,*,*,*,ツークリック詐欺,*,*
定款,,,1,名詞,固有名詞,一般,*,*,*,定款,*,*
定款認証,,,1,名詞,固有名詞,一般,*,*,*,定款認証,*,*
定期借地権,,,1,名詞,固有名詞,一般,*,*,*,定期借地権,*,*
定期保険,,,1,名詞,固有名詞,一般,*,*,*,定期保険,*,*
抵当権,,,1,名詞,固有名詞,一般,*,*,*,抵当権,*,*
手形訴訟,,,1,名詞,固有名詞,一般,*,*,*,手形訴訟,*,*
適格退職年金,,,1,名詞,固有名詞,一般,*,*,*,適格退職年金,*,*
適合性の原則,,,1,名詞,固有名詞,一般,*,*,*,適合性の原則,*,*
手付,,,1,名詞,固有名詞,一般,*,*,*,手付,*,*
点検商法,,,1,名詞,固有名詞,一般,*,*,*,点検商法,*,*
展示会商法,,,1,名詞,固有名詞,一般,*,*,*,展示会商法,*,*
点数制度,,,1,名詞,固有名詞,一般,*,*,*,点数制度,*,*
転籍届,,,1,名詞,固有名詞,一般,*,*,*,転籍届,*,*
転貸借契約,,,1,名詞,固有名詞,一般,*,*,*,転貸借契約,*,*
登記,,,1,名詞,固有名詞,一般,*,*,*,登記,*,*
登記識別情報,,,1,名詞,固有名詞,一般,*,*,*,登記識別情報,*,*
登記名義,,,1,名詞,固有名詞,一般,*,*,*,登記名義,*,*
投資信託,,,1,名詞,固有名詞,一般,*,*,*,投資信託,*,*
当選商法,,,1,名詞,固有名詞,一般,*,*,*,当選商法,*,*
当番弁護士,,,1,名詞,固有名詞,一般,*,*,*,当番弁護士,*,*
特定遺贈,,,1,名詞,固有名詞,一般,*,*,*,特定遺贈,*,*
特定継続的役務提供,,,1,名詞,固有名詞,一般,*,*,*,特定継続的役務提供,*,*
特定商取引法,,,1,名詞,固有名詞,一般,*,*,*,特定商取引法,*,*
特定調停,,,1,名詞,固有名詞,一般,*,*,*,特定調停,*,*
特定不妊治療,,,1,名詞,固有名詞,一般,*,*,*,特定不妊治療,*,*
特定労働者派遣事業,,,1,名詞,固有名詞,一般,*,*,*,特定労働者派遣事業,*,*
特別縁故者,,,1,名詞,固有名詞,一般,*,*,*,特別縁故者,*,*
特別受益,,,1,名詞,固有名詞,一般,*,*,*,特別受益,*,*
特別送達,,,1,名詞,固有名詞,一般,*,*,*,特別送達,*,*
特別養護老人ホーム,,,1,名詞,固有名詞,一般,*,*,*,特別養護老人ホーム,*,*
特別養子制度,,,1,名詞,固有名詞,一般,*,*,*,特別養子制度,*,*
特約,,,1,名詞,固有名詞,一般,*,*,*,特約,*,*
土地家屋調査士,,,1,名詞,固有名詞,一般,*,*,*,土地家屋調査士,*,*
内縁,,,1,名詞,固有名詞,一般,*,*,*,内縁,*,*
内職商法,,,1,名詞,固有名詞,一般,*,*,*,内職商法,*,*
内容証明郵便,,,1,名詞,固有名詞,一般,*,*,*,内容証明郵便,*,*
難民認定,,,1,名詞,固有名詞,一般,*,*,*,難民認定,*,*
日常の家事,,,1,名詞,固有名詞,一般,*,*,*,日常の家事,*,*
任意継続,,,1,名詞,固有名詞,一般,*,*,*,任意継続,*,*
任意後見監督人,,,1,名詞,固有名詞,一般,*,*,*,任意後見監督人,*,*
任意後見制度,,,1,名詞,固有名詞,一般,*,*,*,任意後見制度,*,*
任意整理,,,1,名詞,固有名詞,一般,*,*,*,任意整理,*,*
任意代理,,,1,名詞,固有名詞,一般,*,*,*,任意代理,*,*
任意保険,,,1,名詞,固有名詞,一般,*,*,*,任意保険,*,*
認知,,,1,名詞,固有名詞,一般,*,*,*,認知,*,*
認知請求権,,,1,名詞,固有名詞,一般,*,*,*,認知請求権,*,*
ネガティブ･オプション,,,1,名詞,固有名詞,一般,*,*,*,ネガティブ･オプション,*,*
根抵当,,,1,名詞,固有名詞,一般,*,*,*,根抵当,*,*
根抵当権,,,1,名詞,固有名詞,一般,*,*,*,根抵当権,*,*
根保証契約,,,1,名詞,固有名詞,一般,*,*,*,根保証契約,*,*
年金手帳,,,1,名詞,固有名詞,一般,*,*,*,年金手帳,*,*
年金分割制度,,,1,名詞,固有名詞,一般,*,*,*,年金分割制度,*,*
年金保険,,,1,名詞,固有名詞,一般,*,*,*,年金保険,*,*
農業者年金,,,1,名詞,固有名詞,一般,*,*,*,農業者年金,*,*
破産管財人,,,1,名詞,固有名詞,一般,*,*,*,破産管財人,*,*
犯罪被害者給付制度,,,1,名詞,固有名詞,一般,*,*,*,犯罪被害者給付制度,*,*
反則金,,,1,名詞,固有名詞,一般,*,*,*,反則金,*,*
日掛金融業者,,,1,名詞,固有名詞,一般,*,*,*,日掛金融業者,*,*
被害回復金給付制度,,,1,名詞,固有名詞,一般,*,*,*,被害回復金給付制度,*,*
被害者参加制度,,,1,名詞,固有名詞,一般,*,*,*,被害者参加制度,*,*
被害者支援員,,,1,名詞,固有名詞,一般,*,*,*,被害者支援員,*,*
被害者等通知制度,,,1,名詞,固有名詞,一般,*,*,*,被害者等通知制度,*,*
被害者等の意見等聴取制度,,,1,名詞,固有名詞,一般,*,*,*,被害者等の意見等聴取制度,*,*
被害者等の心情等伝達制度,,,1,名詞,固有名詞,一般,*,*,*,被害者等の心情等伝達制度,*,*
被害者連絡制度,,,1,名詞,固有名詞,一般,*,*,*,被害者連絡制度,*,*
被害届,,,1,名詞,固有名詞,一般,*,*,*,被害届,*,*
被疑者,,,1,名詞,固有名詞,一般,*,*,*,被疑者,*,*
被疑者国選弁護,,,1,名詞,固有名詞,一般,*,*,*,被疑者国選弁護,*,*
被告人,,,1,名詞,固有名詞,一般,*,*,*,被告人,*,*
筆界,,,1,名詞,固有名詞,一般,*,*,*,筆界,*,*
筆界特定制度,,,1,名詞,固有名詞,一般,*,*,*,筆界特定制度,*,*
日賦貸金業者,,,1,名詞,固有名詞,一般,*,*,*,日賦貸金業者,*,*
被扶養者,,,1,名詞,固有名詞,一般,*,*,*,被扶養者,*,*
秘密証書遺言,,,1,名詞,固有名詞,一般,*,*,*,秘密証書遺言,*,*
日雇労働求職者給付,,,1,名詞,固有名詞,一般,*,*,*,日雇労働求職者給付,*,*
ヒヤリ・ハット,,,1,名詞,固有名詞,一般,*,*,*,ヒヤリ・ハット,*,*
評議,,,1,名詞,固有名詞,一般,*,*,*,評議,*,*
表見代理,,,1,名詞,固有名詞,一般,*,*,*,表見代理,*,*
フィッシング詐欺,,,1,名詞,固有名詞,一般,*,*,*,フィッシング詐欺,*,*
夫婦財産契約登記,,,1,名詞,固有名詞,一般,*,*,*,夫婦財産契約登記,*,*
夫婦別姓,,,1,名詞,固有名詞,一般,*,*,*,夫婦別姓,*,*
不可分債務,,,1,名詞,固有名詞,一般,*,*,*,不可分債務,*,*
付加保険料,,,1,名詞,固有名詞,一般,*,*,*,付加保険料,*,*
不起訴,,,1,名詞,固有名詞,一般,*,*,*,不起訴,*,*
復氏届,,,1,名詞,固有名詞,一般,*,*,*,復氏届,*,*
復代理人,,,1,名詞,固有名詞,一般,*,*,*,復代理人,*,*
服務規程,,,1,名詞,固有名詞,一般,*,*,*,服務規程,*,*
袋地,,,1,名詞,固有名詞,一般,*,*,*,袋地,*,*
不招請勧誘,,,1,名詞,固有名詞,一般,*,*,*,不招請勧誘,*,*
付審判請求,,,1,名詞,固有名詞,一般,*,*,*,付審判請求,*,*
不実告知,,,1,名詞,固有名詞,一般,*,*,*,不実告知,*,*
不正登記防止申出制度,,,1,名詞,固有名詞,一般,*,*,*,不正登記防止申出制度,*,*
不選任請求,,,1,名詞,固有名詞,一般,*,*,*,不選任請求,*,*
負担付遺贈,,,1,名詞,固有名詞,一般,*,*,*,負担付遺贈,*,*
普通解雇,,,1,名詞,固有名詞,一般,*,*,*,普通解雇,*,*
不貞行為,,,1,名詞,固有名詞,一般,*,*,*,不貞行為,*,*
不填補期間,,,1,名詞,固有名詞,一般,*,*,*,不填補期間,*,*
不当利得,,,1,名詞,固有名詞,一般,*,*,*,不当利得,*,*
不当労働行為,,,1,名詞,固有名詞,一般,*,*,*,不当労働行為,*,*
不動産質,,,1,名詞,固有名詞,一般,*,*,*,不動産質,*,*
不動産登記簿,,,1,名詞,固有名詞,一般,*,*,*,不動産登記簿,*,*
不動産特定共同事業,,,1,名詞,固有名詞,一般,*,*,*,不動産特定共同事業,*,*
不動産の表示登記,,,1,名詞,固有名詞,一般,*,*,*,不動産の表示登記,*,*
不動産売買契約書,,,1,名詞,固有名詞,一般,*,*,*,不動産売買契約書,*,*
部分判決制度,,,1,名詞,固有名詞,一般,*,*,*,部分判決制度,*,*
不法原因給付,,,1,名詞,固有名詞,一般,*,*,*,不法原因給付,*,*
不法行為,,,1,名詞,固有名詞,一般,*,*,*,不法行為,*,*
扶養,,,1,名詞,固有名詞,一般,*,*,*,扶養,*,*
扶養義務,,,1,名詞,固有名詞,一般,*,*,*,扶養義務,*,*
扶養親族申告書,,,1,名詞,固有名詞,一般,*,*,*,扶養親族申告書,*,*
振替加算,,,1,名詞,固有名詞,一般,*,*,*,振替加算,*,*
振替休日,,,1,名詞,固有名詞,一般,*,*,*,振替休日,*,*
振り込め詐欺,,,1,名詞,固有名詞,一般,*,*,*,振り込め詐欺,*,*
フレックスタイム制,,,1,名詞,固有名詞,一般,*,*,*,フレックスタイム制,*,*
平均標準報酬額,,,1,名詞,固有名詞,一般,*,*,*,平均標準報酬額,*,*
変額保険,,,1,名詞,固有名詞,一般,*,*,*,変額保険,*,*
包括受遺者,,,1,名詞,固有名詞,一般,*,*,*,包括受遺者,*,*
法人,,,1,名詞,固有名詞,一般,*,*,*,法人,*,*
法定解除,,,1,名詞,固有名詞,一般,*,*,*,法定解除,*,*
法定外福利費,,,1,名詞,固有名詞,一般,*,*,*,法定外福利費,*,*
法定外労働時間,,,1,名詞,固有名詞,一般,*,*,*,法定外労働時間,*,*
法定後見制度,,,1,名詞,固有名詞,一般,*,*,*,法定後見制度,*,*
法定重利,,,1,名詞,固有名詞,一般,*,*,*,法定重利,*,*
法定相続,,,1,名詞,固有名詞,一般,*,*,*,法定相続,*,*
法定相続人,,,1,名詞,固有名詞,一般,*,*,*,法定相続人,*,*
法定代理,,,1,名詞,固有名詞,一般,*,*,*,法定代理,*,*
法定福利費,,,1,名詞,固有名詞,一般,*,*,*,法定福利費,*,*
法定免除,,,1,名詞,固有名詞,一般,*,*,*,法定免除,*,*
法定離婚原因,,,1,名詞,固有名詞,一般,*,*,*,法定離婚原因,*,*
法定利息,,,1,名詞,固有名詞,一般,*,*,*,法定利息,*,*
訪問販売,,,1,名詞,固有名詞,一般,*,*,*,訪問販売,*,*
法律行為,,,1,名詞,固有名詞,一般,*,*,*,法律行為,*,*
保険業法,,,1,名詞,固有名詞,一般,*,*,*,保険業法,*,*
保険料免除制度,,,1,名詞,固有名詞,一般,*,*,*,保険料免除制度,*,*
保護観察,,,1,名詞,固有名詞,一般,*,*,*,保護観察,*,*
保護施設,,,1,名詞,固有名詞,一般,*,*,*,保護施設,*,*
保護命令,,,1,名詞,固有名詞,一般,*,*,*,保護命令,*,*
保佐,,,1,名詞,固有名詞,一般,*,*,*,保佐,*,*
保釈,,,1,名詞,固有名詞,一般,*,*,*,保釈,*,*
保証契約,,,1,名詞,固有名詞,一般,*,*,*,保証契約,*,*
保証人,,,1,名詞,固有名詞,一般,*,*,*,保証人,*,*
補充裁判員,,,1,名詞,固有名詞,一般,*,*,*,補充裁判員,*,*
補助,,,1,名詞,固有名詞,一般,*,*,*,補助,*,*
毎月1回以上定期払いの原則,,,1,名詞,固有名詞,一般,*,*,*,毎月1回以上定期払いの原則,*,*
マンション管理組合,,,1,名詞,固有名詞,一般,*,*,*,マンション管理組合,*,*
未成熟子,,,1,名詞,固有名詞,一般,*,*,*,未成熟子,*,*
未成年,,,1,名詞,固有名詞,一般,*,*,*,未成年,*,*
未成年後見監督人,,,1,名詞,固有名詞,一般,*,*,*,未成年後見監督人,*,*
未成年後見人,,,1,名詞,固有名詞,一般,*,*,*,未成年後見人,*,*
認印,,,1,名詞,固有名詞,一般,*,*,*,認印,*,*
未払い賃金の立替制度,,,1,名詞,固有名詞,一般,*,*,*,未払い賃金の立替制度,*,*
身元保証,,,1,名詞,固有名詞,一般,*,*,*,身元保証,*,*
民事再生,,,1,名詞,固有名詞,一般,*,*,*,民事再生,*,*
民事事件,,,1,名詞,固有名詞,一般,*,*,*,民事事件,*,*
民法,,,1,名詞,固有名詞,一般,*,*,*,民法,*,*
無過失責任,,,1,名詞,固有名詞,一般,*,*,*,無過失責任,*,*
無過失補償制度,,,1,名詞,固有名詞,一般,*,*,*,無過失補償制度,*,*
無権代理,,,1,名詞,固有名詞,一般,*,*,*,無権代理,*,*
免許停止,,,1,名詞,固有名詞,一般,*,*,*,免許停止,*,*
免許取消,,,1,名詞,固有名詞,一般,*,*,*,免許取消,*,*
免責決定,,,1,名詞,固有名詞,一般,*,*,*,免責決定,*,*
面接交渉,,,1,名詞,固有名詞,一般,*,*,*,面接交渉,*,*
申立書,,,1,名詞,固有名詞,一般,*,*,*,申立書,*,*
黙秘権,,,1,名詞,固有名詞,一般,*,*,*,黙秘権,*,*
問診,,,1,名詞,固有名詞,一般,*,*,*,問診,*,*
薬事法,,,1,名詞,固有名詞,一般,*,*,*,薬事法,*,*
約定,,,1,名詞,固有名詞,一般,*,*,*,約定,*,*
約定利息,,,1,名詞,固有名詞,一般,*,*,*,約定利息,*,*
約束手形,,,1,名詞,固有名詞,一般,*,*,*,約束手形,*,*
約款,,,1,名詞,固有名詞,一般,*,*,*,約款,*,*
ヤミ金,,,1,名詞,固有名詞,一般,*,*,*,ヤミ金,*,*
有給休暇,,,1,名詞,固有名詞,一般,*,*,*,有給休暇,*,*
有責行為,,,1,名詞,固有名詞,一般,*,*,*,有責行為,*,*
養育費,,,1,名詞,固有名詞,一般,*,*,*,養育費,*,*
要介護認定,,,1,名詞,固有名詞,一般,*,*,*,要介護認定,*,*
養子,,,1,名詞,固有名詞,一般,*,*,*,養子,*,*
養子縁組,,,1,名詞,固有名詞,一般,*,*,*,養子縁組,*,*
要支援認定,,,1,名詞,固有名詞,一般,*,*,*,要支援認定,*,*
容積率,,,1,名詞,固有名詞,一般,*,*,*,容積率,*,*
用途地域,,,1,名詞,固有名詞,一般,*,*,*,用途地域,*,*
与信,,,1,名詞,固有名詞,一般,*,*,*,与信,*,*
予約申込金,,,1,名詞,固有名詞,一般,*,*,*,予約申込金,*,*
４０１ｋ,,,1,名詞,固有名詞,一般,*,*,*,４０１ｋ,*,*
履行,,,1,名詞,固有名詞,一般,*,*,*,履行,*,*
履行勧告,,,1,名詞,固有名詞,一般,*,*,*,履行勧告,*,*
履行引受,,,1,名詞,固有名詞,一般,*,*,*,履行引受,*,*
履行命令,,,1,名詞,固有名詞,一般,*,*,*,履行命令,*,*
離婚,,,1,名詞,固有名詞,一般,*,*,*,離婚,*,*
離婚届,,,1,名詞,固有名詞,一般,*,*,*,離婚届,*,*
離婚届不受理申出制度,,,1,名詞,固有名詞,一般,*,*,*,離婚届不受理申出制度,*,*
離職票,,,1,名詞,固有名詞,一般,*,*,*,離職票,*,*
利息制限法,,,1,名詞,固有名詞,一般,*,*,*,利息制限法,*,*
立証責任,,,1,名詞,固有名詞,一般,*,*,*,立証責任,*,*
リバース・モーゲージ,,,1,名詞,固有名詞,一般,*,*,*,リバース・モーゲージ,*,*
リボルビング払い,,,1,名詞,固有名詞,一般,*,*,*,リボルビング払い,*,*
略式請求,,,1,名詞,固有名詞,一般,*,*,*,略式請求,*,*
略式手続,,,1,名詞,固有名詞,一般,*,*,*,略式手続,*,*
留置権,,,1,名詞,固有名詞,一般,*,*,*,留置権,*,*
リース契約,,,1,名詞,固有名詞,一般,*,*,*,リース契約,*,*
礼金,,,1,名詞,固有名詞,一般,*,*,*,礼金,*,*
連鎖販売取引,,,1,名詞,固有名詞,一般,*,*,*,連鎖販売取引,*,*
連帯保証人,,,1,名詞,固有名詞,一般,*,*,*,連帯保証人,*,*
労災事故,,,1,名詞,固有名詞,一般,*,*,*,労災事故,*,*
労災保険,,,1,名詞,固有名詞,一般,*,*,*,労災保険,*,*
労働委員会,,,1,名詞,固有名詞,一般,*,*,*,労働委員会,*,*
労働基準監督署,,,1,名詞,固有名詞,一般,*,*,*,労働基準監督署,*,*
労働基準法,,,1,名詞,固有名詞,一般,*,*,*,労働基準法,*,*
労働協約,,,1,名詞,固有名詞,一般,*,*,*,労働協約,*,*
労働協約の拡張適用による地域的最低賃金,,,1,名詞,固有名詞,一般,*,*,*,労働協約の拡張適用による地域的最低賃金,*,*
労働局長の助言・指導,,,1,名詞,固有名詞,一般,*,*,*,労働局長の助言・指導,*,*
労働組合,,,1,名詞,固有名詞,一般,*,*,*,労働組合,*,*
労働災害,,,1,名詞,固有名詞,一般,*,*,*,労働災害,*,*
労働審判,,,1,名詞,固有名詞,一般,*,*,*,労働審判,*,*
労働審判委員会,,,1,名詞,固有名詞,一般,*,*,*,労働審判委員会,*,*
労働条件の絶対的明示事項,,,1,名詞,固有名詞,一般,*,*,*,労働条件の絶対的明示事項,*,*
労働条件の相対的明示事項,,,1,名詞,固有名詞,一般,*,*,*,労働条件の相対的明示事項,*,*
労働保険審査会,,,1,名詞,固有名詞,一般,*,*,*,労働保険審査会,*,*
老齢基礎年金,,,1,名詞,固有名詞,一般,*,*,*,老齢基礎年金,*,*
和解,,,1,名詞,固有名詞,一般,*,*,*,和解,*,*
割増賃金,,,1,名詞,固有名詞,一般,*,*,*,割増賃金,*,*
ワンクリック詐欺,,,1,名詞,固有名詞,一般,*,*,*,ワンクリック詐欺,*,*
外国為替証拠金取引,,,1,名詞,固有名詞,一般,*,*,*,外国為替証拠金取引,*,*
外国人登録,,,1,名詞,固有名詞,一般,*,*,*,外国人登録,*,*
外国文認証,,,1,名詞,固有名詞,一般,*,*,*,外国文認証,*,*
学生納付特例制度,,,1,名詞,固有名詞,一般,*,*,*,学生納付特例制度,*,*
逆送,,,1,名詞,固有名詞,一般,*,*,*,逆送,*,*
行政手続法,,,1,名詞,固有名詞,一般,*,*,*,行政手続法,*,*
行政評価局,,,1,名詞,固有名詞,一般,*,*,*,行政評価局,*,*
行政不服審査,,,1,名詞,固有名詞,一般,*,*,*,行政不服審査,*,*
行政不服審査請求,,,1,名詞,固有名詞,一般,*,*,*,行政不服審査請求,*,*
行政不服審査法,,,1,名詞,固有名詞,一般,*,*,*,行政不服審査法,*,*
業務起因性,,,1,名詞,固有名詞,一般,*,*,*,業務起因性,*,*
業務遂行性,,,1,名詞,固有名詞,一般,*,*,*,業務遂行性,*,*
業務提供誘引販売取引,,,1,名詞,固有名詞,一般,*,*,*,業務提供誘引販売取引,*,*
銀行窓販,,,1,名詞,固有名詞,一般,*,*,*,銀行窓販,*,*
グレーゾーン,,,1,名詞,固有名詞,一般,*,*,*,グレーゾーン,*,*
原状回復義務,,,1,名詞,固有名詞,一般,*,*,*,原状回復義務,*,*
限定承認,,,1,名詞,固有名詞,一般,*,*,*,限定承認,*,*
原野商法,,,1,名詞,固有名詞,一般,*,*,*,原野商法,*,*
合意分割,,,1,名詞,固有名詞,一般,*,*,*,合意分割,*,*
財産開示手続,,,1,名詞,固有名詞,一般,*,*,*,財産開示手続,*,*
財産管理委任契約,,,1,名詞,固有名詞,一般,*,*,*,財産管理委任契約,*,*
財産管理権,,,1,名詞,固有名詞,一般,*,*,*,財産管理権,*,*
財産分与,,,1,名詞,固有名詞,一般,*,*,*,財産分与,*,*
在留資格,,,1,名詞,固有名詞,一般,*,*,*,在留資格,*,*
在留特別許可,,,1,名詞,固有名詞,一般,*,*,*,在留特別許可,*,*
暫定任意適用事業,,,1,名詞,固有名詞,一般,*,*,*,暫定任意適用事業,*,*
時間外労働,,,1,名詞,固有名詞,一般,*,*,*,時間外労働,*,*
時季指定,,,1,名詞,固有名詞,一般,*,*,*,時季指定,*,*
事業所外労働,,,1,名詞,固有名詞,一般,*,*,*,事業所外労働,*,*
時効,,,1,名詞,固有名詞,一般,*,*,*,時効,*,*
時効の援用,,,1,名詞,固有名詞,一般,*,*,*,時効の援用,*,*
時効の利益の放棄,,,1,名詞,固有名詞,一般,*,*,*,時効の利益の放棄,*,*
事故証明,,,1,名詞,固有名詞,一般,*,*,*,事故証明,*,*
自己破産,,,1,名詞,固有名詞,一般,*,*,*,自己破産,*,*
自己負担割合,,,1,名詞,固有名詞,一般,*,*,*,自己負担割合,*,*
事実婚,,,1,名詞,固有名詞,一般,*,*,*,事実婚,*,*
事実不告知,,,1,名詞,固有名詞,一般,*,*,*,事実不告知,*,*
示談,,,1,名詞,固有名詞,一般,*,*,*,示談,*,*
実況見分調書,,,1,名詞,固有名詞,一般,*,*,*,実況見分調書,*,*
実験商法,,,1,名詞,固有名詞,一般,*,*,*,実験商法,*,*
実印,,,1,名詞,固有名詞,一般,*,*,*,実印,*,*
児童委員,,,1,名詞,固有名詞,一般,*,*,*,児童委員,*,*
自動車安全運転センター,,,1,名詞,固有名詞,一般,*,*,*,自動車安全運転センター,*,*
自動車損害賠償責任保険,,,1,名詞,固有名詞,一般,*,*,*,自動車損害賠償責任保険,*,*
児童自立支援施設,,,1,名詞,固有名詞,一般,*,*,*,児童自立支援施設,*,*
児童相談所,,,1,名詞,固有名詞,一般,*,*,*,児童相談所,*,*
児童福祉司,,,1,名詞,固有名詞,一般,*,*,*,児童福祉司,*,*
自賠責保険,,,1,名詞,固有名詞,一般,*,*,*,自賠責保険,*,*
自筆証書遺言,,,1,名詞,固有名詞,一般,*,*,*,自筆証書遺言,*,*
事務管理,,,1,名詞,固有名詞,一般,*,*,*,事務管理,*,*
若年者納付猶予制度,,,1,名詞,固有名詞,一般,*,*,*,若年者納付猶予制度,*,*
ＪＡＳマーク,,,1,名詞,固有名詞,一般,*,*,*,ＪＡＳマーク,*,*
重婚,,,1,名詞,固有名詞,一般,*,*,*,重婚,*,*
住宅性能評価書,,,1,名詞,固有名詞,一般,*,*,*,住宅性能評価書,*,*
住民監査請求,,,1,名詞,固有名詞,一般,*,*,*,住民監査請求,*,*
住民基本台帳,,,1,名詞,固有名詞,一般,*,*,*,住民基本台帳,*,*
住民基本台帳ネットワークシステム,,,1,名詞,固有名詞,一般,*,*,*,住民基本台帳ネットワークシステム,*,*
重要事項説明書,,,1,名詞,固有名詞,一般,*,*,*,重要事項説明書,*,*
準委任契約,,,1,名詞,固有名詞,一般,*,*,*,準委任契約,*,*
準抗告,,,1,名詞,固有名詞,一般,*,*,*,準抗告,*,*
準消費貸借,,,1,名詞,固有名詞,一般,*,*,*,準消費貸借,*,*
準正,,,1,名詞,固有名詞,一般,*,*,*,準正,*,*
準法律行為,,,1,名詞,固有名詞,一般,*,*,*,準法律行為,*,*
上告,,,1,名詞,固有名詞,一般,*,*,*,上告,*,*
譲渡担保,,,1,名詞,固有名詞,一般,*,*,*,譲渡担保,*,*
上皮内新生物,,,1,名詞,固有名詞,一般,*,*,*,上皮内新生物,*,*
情報公開制度,,,1,名詞,固有名詞,一般,*,*,*,情報公開制度,*,*
常用就職支度金,,,1,名詞,固有名詞,一般,*,*,*,常用就職支度金,*,*
人権擁護委員,,,1,名詞,固有名詞,一般,*,*,*,人権擁護委員,*,*
人身保護請求,,,1,名詞,固有名詞,一般,*,*,*,人身保護請求,*,*
人事権,,,1,名詞,固有名詞,一般,*,*,*,人事権,*,*
善意・悪意,,,1,名詞,固有名詞,一般,*,*,*,善意・悪意,*,*
全額払いの原則,,,1,名詞,固有名詞,一般,*,*,*,全額払いの原則,*,*
前納制度,,,1,名詞,固有名詞,一般,*,*,*,前納制度,*,*
贈与税,,,1,名詞,固有名詞,一般,*,*,*,贈与税,*,*
第１号被保険者,,,1,名詞,固有名詞,一般,*,*,*,第１号被保険者,*,*
代休,,,1,名詞,固有名詞,一般,*,*,*,代休,*,*
第３号被保険者,,,1,名詞,固有名詞,一般,*,*,*,第３号被保険者,*,*
代襲相続,,,1,名詞,固有名詞,一般,*,*,*,代襲相続,*,*
第２号被保険者,,,1,名詞,固有名詞,一般,*,*,*,第２号被保険者,*,*
代理,,,1,名詞,固有名詞,一般,*,*,*,代理,*,*
脱退一時金,,,1,名詞,固有名詞,一般,*,*,*,脱退一時金,*,*
男女雇用機会均等法,,,1,名詞,固有名詞,一般,*,*,*,男女雇用機会均等法,*,*
団体交渉,,,1,名詞,固有名詞,一般,*,*,*,団体交渉,*,*
断定的判断の提供,,,1,名詞,固有名詞,一般,*,*,*,断定的判断の提供,*,*
ＤＶ保護法,,,1,名詞,固有名詞,一般,*,*,*,ＤＶ保護法,*,*
デイサービス,,,1,名詞,固有名詞,一般,*,*,*,デイサービス,*,*
デリバティブ,,,1,名詞,固有名詞,一般,*,*,*,デリバティブ,*,*
電気用品安全法,,,1,名詞,固有名詞,一般,*,*,*,電気用品安全法,*,*
電子公証制度,,,1,名詞,固有名詞,一般,*,*,*,電子公証制度,*,*
電子定款,,,1,名詞,固有名詞,一般,*,*,*,電子定款,*,*
電話勧誘販売,,,1,名詞,固有名詞,一般,*,*,*,電話勧誘販売,*,*
デート商法,,,1,名詞,固有名詞,一般,*,*,*,デート商法,*,*
同意権,,,1,名詞,固有名詞,一般,*,*,*,同意権,*,*
同時履行,,,1,名詞,固有名詞,一般,*,*,*,同時履行,*,*
同棲,,,1,名詞,固有名詞,一般,*,*,*,同棲,*,*
道路交通法,,,1,名詞,固有名詞,一般,*,*,*,道路交通法,*,*
独立行政委員会,,,1,名詞,固有名詞,一般,*,*,*,独立行政委員会,*,*
陪審制度,,,1,名詞,固有名詞,一般,*,*,*,陪審制度,*,*
ビザ,,,1,名詞,固有名詞,一般,*,*,*,ビザ,*,*
ビデオリンク,,,1,名詞,固有名詞,一般,*,*,*,ビデオリンク,*,*
物権,,,1,名詞,固有名詞,一般,*,*,*,物権,*,*
物上保証人,,,1,名詞,固有名詞,一般,*,*,*,物上保証人,*,*
ブラックリスト,,,1,名詞,固有名詞,一般,*,*,*,ブラックリスト,*,*
分籍届,,,1,名詞,固有名詞,一般,*,*,*,分籍届,*,*
弁済,,,1,名詞,固有名詞,一般,*,*,*,弁済,*,*
母子家庭自立支援給付金,,,1,名詞,固有名詞,一般,*,*,*,母子家庭自立支援給付金,*,*
パブリックコメント,,,1,名詞,固有名詞,一般,*,*,*,パブリックコメント,*,*
パワー･ハラスメント,,,1,名詞,固有名詞,一般,*,*,*,パワー･ハラスメント,*,*
パートタイム労働,,,1,名詞,固有名詞,一般,*,*,*,パートタイム労働,*,*
ＡＤＲ,,,1,名詞,固有名詞,一般,*,*,*,ＡＤＲ,*,*
FX,,,1,名詞,固有名詞,一般,*,*,*,FX,*,*
PL法せいぞうぶつせきにんほう,,,1,名詞,固有名詞,一般,*,*,*,PL法せいぞうぶつせきにんほう,*,*
製造物責任法,,,1,名詞,固有名詞,一般,*,*,*,製造物責任法,*,*
